Time,RU
200,149.5
200.1,149.3957365
200.2,149.291546
200.3,149.1874283
200.4,149.0833835
200.5,148.9794116
200.6,148.8755123
200.7,148.7716858
200.8,148.667932
200.9,148.5642507
201,148.460642
201.1,148.3571058
201.2,148.253642
201.3,148.1502507
201.4,148.0469317
201.5,147.943685
201.6,147.8405105
201.7,147.7374082
201.8,147.6343781
201.9,147.5314201
202,147.4285341
202.1,147.3257201
202.2,147.2229781
202.3,147.1203079
202.4,147.0177096
202.5,146.9151831
202.6,146.8127283
202.7,146.7103453
202.8,146.6080338
202.9,146.505794
203,146.4036257
203.1,146.3015289
203.2,146.1995036
203.3,146.0975496
203.4,145.995667
203.5,145.8938556
203.6,145.7921156
203.7,145.6904467
203.8,145.5888489
203.9,145.4873223
204,145.3858667
204.1,145.284482
204.2,145.1831684
204.3,145.0819256
204.4,144.9807536
204.5,144.8796525
204.6,144.7786221
204.7,144.6776624
204.8,144.5767734
204.9,144.4759549
205,144.375207
205.1,144.2745296
205.2,144.1739227
205.3,144.0733861
205.4,143.9729199
205.5,143.872524
205.6,143.7721984
205.7,143.6719429
205.8,143.5717576
205.9,143.4716424
206,143.3715973
206.1,143.2716222
206.2,143.171717
206.3,143.0718818
206.4,142.9721164
206.5,142.8724208
206.6,142.772795
206.7,142.6732389
206.8,142.5737524
206.9,142.4743356
207,142.3749883
207.1,142.2757106
207.2,142.1765023
207.3,142.0773635
207.4,141.978294
207.5,141.8792938
207.6,141.780363
207.7,141.6815013
207.8,141.5827088
207.9,141.4839855
208,141.3853312
208.1,141.286746
208.2,141.1882298
208.3,141.0897825
208.4,140.9914041
208.5,140.8930945
208.6,140.7948537
208.7,140.6966817
208.8,140.5985784
208.9,140.5005437
209,140.4025776
209.1,140.30468
209.2,140.206851
209.3,140.1090904
209.4,140.0113983
209.5,139.9137745
209.6,139.816219
209.7,139.7187317
209.8,139.6213127
209.9,139.5239619
210,139.4266792
210.1,139.3294645
210.2,139.2323179
210.3,139.1352393
210.4,139.0382285
210.5,138.9412857
210.6,138.8444107
210.7,138.7476035
210.8,138.6508641
210.9,138.5541923
211,138.4575882
211.1,138.3610517
211.2,138.2645827
211.3,138.1681812
211.4,138.0718472
211.5,137.9755806
211.6,137.8793814
211.7,137.7832495
211.8,137.6871848
211.9,137.5911874
212,137.4952572
212.1,137.399394
212.2,137.303598
212.3,137.207869
212.4,137.112207
212.5,137.0166119
212.6,136.9210837
212.7,136.8256223
212.8,136.7302278
212.9,136.6349
213,136.5396389
213.1,136.4444445
213.2,136.3493167
213.3,136.2542554
213.4,136.1592607
213.5,136.0643325
213.6,135.9694706
213.7,135.8746752
213.8,135.7799461
213.9,135.6852832
214,135.5906867
214.1,135.4961563
214.2,135.401692
214.3,135.3072939
214.4,135.2129618
214.5,135.1186957
214.6,135.0244956
214.7,134.9303614
214.8,134.8362931
214.9,134.7422906
215,134.6483539
215.1,134.5544829
215.2,134.4606776
215.3,134.3669379
215.4,134.2732638
215.5,134.1796553
215.6,134.0861123
215.7,133.9926348
215.8,133.8992226
215.9,133.8058758
216,133.7125944
216.1,133.6193782
216.2,133.5262272
216.3,133.4331414
216.4,133.3401208
216.5,133.2471653
216.6,133.1542748
216.7,133.0614493
216.8,132.9686887
216.9,132.8759931
217,132.7833623
217.1,132.6907964
217.2,132.5982952
217.3,132.5058587
217.4,132.413487
217.5,132.3211798
217.6,132.2289373
217.7,132.1367593
217.8,132.0446458
217.9,131.9525968
218,131.8606122
218.1,131.7686919
218.2,131.676836
218.3,131.5850443
218.4,131.4933169
218.5,131.4016537
218.6,131.3100546
218.7,131.2185196
218.8,131.1270486
218.9,131.0356417
219,130.9442987
219.1,130.8530197
219.2,130.7618045
219.3,130.6706531
219.4,130.5795656
219.5,130.4885417
219.6,130.3975816
219.7,130.3066851
219.8,130.2158522
219.9,130.1250829
220,130.0343771
220.1,129.9437347
220.2,129.8531558
220.3,129.7626403
220.4,129.6721881
220.5,129.5817992
220.6,129.4914736
220.7,129.4012112
220.8,129.3110119
220.9,129.2208757
221,129.1308026
221.1,129.0407926
221.2,128.9508455
221.3,128.8609614
221.4,128.7711402
221.5,128.6813818
221.6,128.5916862
221.7,128.5020534
221.8,128.4124833
221.9,128.3229759
222,128.2335311
222.1,128.1441489
222.2,128.0548293
222.3,127.9655722
222.4,127.8763775
222.5,127.7872452
222.6,127.6981753
222.7,127.6091678
222.8,127.5202225
222.9,127.4313394
223,127.3425186
223.1,127.2537599
223.2,127.1650633
223.3,127.0764288
223.4,126.9878563
223.5,126.8993458
223.6,126.8108972
223.7,126.7225105
223.8,126.6341857
223.9,126.5459226
224,126.4577214
224.1,126.3695818
224.2,126.2815039
224.3,126.1934877
224.4,126.105533
224.5,126.0176399
224.6,125.9298083
224.7,125.8420382
224.8,125.7543295
224.9,125.6666821
225,125.5790961
225.1,125.4915714
225.2,125.4041079
225.3,125.3167056
225.4,125.2293645
225.5,125.1420845
225.6,125.0548655
225.7,124.9677076
225.8,124.8806107
225.9,124.7935748
226,124.7065997
226.1,124.6196855
226.2,124.5328321
226.3,124.4460395
226.4,124.3593077
226.5,124.2726365
226.6,124.186026
226.7,124.0994761
226.8,124.0129867
226.9,123.9265579
227,123.8401895
227.1,123.7538816
227.2,123.667634
227.3,123.5814469
227.4,123.49532
227.5,123.4092534
227.6,123.323247
227.7,123.2373009
227.8,123.1514148
227.9,123.0655889
228,122.979823
228.1,122.8941171
228.2,122.8084712
228.3,122.7228852
228.4,122.6373591
228.5,122.5518929
228.6,122.4664865
228.7,122.3811398
228.8,122.2958529
228.9,122.2106256
229,122.125458
229.1,122.0403499
229.2,121.9553015
229.3,121.8703125
229.4,121.785383
229.5,121.700513
229.6,121.6157023
229.7,121.530951
229.8,121.4462589
229.9,121.3616262
230,121.2770526
230.1,121.1925383
230.2,121.1080831
230.3,121.023687
230.4,120.9393499
230.5,120.8550719
230.6,120.7708528
230.7,120.6866927
230.8,120.6025914
230.9,120.518549
231,120.4345654
231.1,120.3506406
231.2,120.2667745
231.3,120.1829671
231.4,120.0992183
231.5,120.0155282
231.6,119.9318966
231.7,119.8483235
231.8,119.7648089
231.9,119.6813528
232,119.597955
232.1,119.5146156
232.2,119.4313345
232.3,119.3481117
232.4,119.2649472
232.5,119.1818408
232.6,119.0987926
232.7,119.0158025
232.8,118.9328704
232.9,118.8499964
233,118.7671804
233.1,118.6844224
233.2,118.6017222
233.3,118.51908
233.4,118.4364955
233.5,118.3539688
233.6,118.2714999
233.7,118.1890887
233.8,118.1067352
233.9,118.0244393
234,117.942201
234.1,117.8600202
234.2,117.7778969
234.3,117.6958311
234.4,117.6138228
234.5,117.5318718
234.6,117.4499781
234.7,117.3681418
234.8,117.2863627
234.9,117.2046409
235,117.1229762
235.1,117.0413687
235.2,116.9598183
235.3,116.8783249
235.4,116.7968886
235.5,116.7155093
235.6,116.6341869
235.7,116.5529214
235.8,116.4717128
235.9,116.390561
236,116.309466
236.1,116.2284277
236.2,116.1474462
236.3,116.0665213
236.4,115.985653
236.5,115.9048413
236.6,115.8240862
236.7,115.7433876
236.8,115.6627455
236.9,115.5821598
237,115.5016304
237.1,115.4211575
237.2,115.3407408
237.3,115.2603804
237.4,115.1800763
237.5,115.0998283
237.6,115.0196365
237.7,114.9395008
237.8,114.8594212
237.9,114.7793976
238,114.69943
238.1,114.6195184
238.2,114.5396627
238.3,114.4598628
238.4,114.3801188
238.5,114.3004306
238.6,114.2207982
238.7,114.1412215
238.8,114.0617005
238.9,113.9822351
239,113.9028254
239.1,113.8234712
239.2,113.7441725
239.3,113.6649293
239.4,113.5857416
239.5,113.5066093
239.6,113.4275323
239.7,113.3485107
239.8,113.2695444
239.9,113.1906333
240,113.1117775
240.1,113.0329768
240.2,112.9542313
240.3,112.8755409
240.4,112.7969055
240.5,112.7183252
240.6,112.6397999
240.7,112.5613295
240.8,112.482914
240.9,112.4045534
241,112.3262476
241.1,112.2479966
241.2,112.1698004
241.3,112.0916589
241.4,112.0135721
241.5,111.9355399
241.6,111.8575623
241.7,111.7796393
241.8,111.7017708
241.9,111.6239568
242,111.5461972
242.1,111.4684921
242.2,111.3908413
242.3,111.3132449
242.4,111.2357028
242.5,111.1582149
242.6,111.0807813
242.7,111.0034018
242.8,110.9260765
242.9,110.8488053
243,110.7715881
243.1,110.694425
243.2,110.6173159
243.3,110.5402608
243.4,110.4632596
243.5,110.3863122
243.6,110.3094187
243.7,110.232579
243.8,110.1557931
243.9,110.0790609
244,110.0023824
244.1,109.9257575
244.2,109.8491863
244.3,109.7726687
244.4,109.6962046
244.5,109.619794
244.6,109.5434368
244.7,109.4671331
244.8,109.3908828
244.9,109.3146859
245,109.2385423
245.1,109.1624519
245.2,109.0864148
245.3,109.0104309
245.4,108.9345002
245.5,108.8586226
245.6,108.7827981
245.7,108.7070267
245.8,108.6313083
245.9,108.5556428
246,108.4800304
246.1,108.4044708
246.2,108.3289641
246.3,108.2535102
246.4,108.1781092
246.5,108.1027609
246.6,108.0274653
246.7,107.9522224
246.8,107.8770322
246.9,107.8018945
247,107.7268095
247.1,107.651777
247.2,107.576797
247.3,107.5018695
247.4,107.4269944
247.5,107.3521717
247.6,107.2774013
247.7,107.2026833
247.8,107.1280175
247.9,107.053404
248,106.9788428
248.1,106.9043337
248.2,106.8298767
248.3,106.7554718
248.4,106.681119
248.5,106.6068182
248.6,106.5325695
248.7,106.4583726
248.8,106.3842277
248.9,106.3101347
249,106.2360935
249.1,106.1621042
249.2,106.0881666
249.3,106.0142807
249.4,105.9404466
249.5,105.8666641
249.6,105.7929332
249.7,105.719254
249.8,105.6456263
249.9,105.5720501
250,105.4985254
250.1,105.4250521
250.2,105.3516303
250.3,105.2782598
250.4,105.2049407
250.5,105.1316729
250.6,105.0584564
250.7,104.985291
250.8,104.9121769
250.9,104.839114
251,104.7661022
251.1,104.6931414
251.2,104.6202318
251.3,104.5473731
251.4,104.4745654
251.5,104.4018087
251.6,104.3291029
251.7,104.2564479
251.8,104.1838438
251.9,104.1112905
252,104.038788
252.1,103.9663362
252.2,103.8939351
252.3,103.8215847
252.4,103.7492849
252.5,103.6770357
252.6,103.604837
252.7,103.5326889
252.8,103.4605913
252.9,103.3885441
253,103.3165473
253.1,103.2446009
253.2,103.1727048
253.3,103.1008591
253.4,103.0290636
253.5,102.9573184
253.6,102.8856234
253.7,102.8139785
253.8,102.7423838
253.9,102.6708392
254,102.5993446
254.1,102.5279001
254.2,102.4565055
254.3,102.3851609
254.4,102.3138663
254.5,102.2426215
254.6,102.1714266
254.7,102.1002815
254.8,102.0291862
254.9,101.9581406
255,101.8871448
255.1,101.8161986
255.2,101.7453021
255.3,101.6744552
255.4,101.6036579
255.5,101.5329101
255.6,101.4622118
255.7,101.391563
255.8,101.3209636
255.9,101.2504136
256,101.179913
256.1,101.1094617
256.2,101.0390597
256.3,100.968707
256.4,100.8984035
256.5,100.8281492
256.6,100.7579441
256.7,100.6877881
256.8,100.6176812
256.9,100.5476233
257,100.4776145
257.1,100.4076547
257.2,100.3377438
257.3,100.2678818
257.4,100.1980687
257.5,100.1283045
257.6,100.0585891
257.7,99.98892246
257.8,99.91930459
257.9,99.84973543
258,99.78021495
258.1,99.71074311
258.2,99.64131989
258.3,99.57194525
258.4,99.50261916
258.5,99.43334158
258.6,99.36411247
258.7,99.29493181
258.8,99.22579955
258.9,99.15671568
259,99.08768014
259.1,99.01869291
259.2,98.94975396
259.3,98.88086325
259.4,98.81202074
259.5,98.74322641
259.6,98.67448021
259.7,98.60578212
259.8,98.53713211
259.9,98.46853013
260,98.39997615
260.1,98.33147015
260.2,98.26301208
260.3,98.19460192
260.4,98.12623963
260.5,98.05792517
260.6,97.98965852
260.7,97.92143964
260.8,97.8532685
260.9,97.78514505
261,97.71706928
261.1,97.64904115
261.2,97.58106061
261.3,97.51312765
261.4,97.44524222
261.5,97.3774043
261.6,97.30961385
261.7,97.24187083
261.8,97.17417522
261.9,97.10652697
262,97.03892607
262.1,96.97137247
262.2,96.90386613
262.3,96.83640704
262.4,96.76899515
262.5,96.70163044
262.6,96.63431286
262.7,96.56704239
262.8,96.49981899
262.9,96.43264263
263,96.36551328
263.1,96.2984309
263.2,96.23139547
263.3,96.16440694
263.4,96.09746528
263.5,96.03057047
263.6,95.96372247
263.7,95.89692125
263.8,95.83016677
263.9,95.76345901
264,95.69679792
264.1,95.63018348
264.2,95.56361565
264.3,95.49709441
264.4,95.43061971
264.5,95.36419153
264.6,95.29780983
264.7,95.23147458
264.8,95.16518576
264.9,95.09894331
265,95.03274722
265.1,94.96659746
265.2,94.90049398
265.3,94.83443675
265.4,94.76842575
265.5,94.70246095
265.6,94.6365423
265.7,94.57066978
265.8,94.50484335
265.9,94.43906299
266,94.37332865
266.1,94.30764031
266.2,94.24199794
266.3,94.17640151
266.4,94.11085097
266.5,94.0453463
266.6,93.97988748
266.7,93.91447445
266.8,93.8491072
266.9,93.78378569
267,93.71850989
267.1,93.65327977
267.2,93.58809529
267.3,93.52295642
267.4,93.45786314
267.5,93.3928154
267.6,93.32781319
267.7,93.26285645
267.8,93.19794518
267.9,93.13307932
268,93.06825885
268.1,93.00348375
268.2,92.93875397
268.3,92.87406948
268.4,92.80943026
268.5,92.74483627
268.6,92.68028748
268.7,92.61578386
268.8,92.55132537
268.9,92.48691199
269,92.42254368
269.1,92.35822042
269.2,92.29394216
269.3,92.22970889
269.4,92.16552056
269.5,92.10137715
269.6,92.03727862
269.7,91.97322495
269.8,91.9092161
269.9,91.84525204
270,91.78133273
270.1,91.71745816
270.2,91.65362828
270.3,91.58984307
270.4,91.52610249
270.5,91.46240652
270.6,91.39875511
270.7,91.33514825
270.8,91.27158589
270.9,91.20806802
271,91.14459459
271.1,91.08116557
271.2,91.01778095
271.3,90.95444067
271.4,90.89114472
271.5,90.82789306
271.6,90.76468566
271.7,90.70152249
271.8,90.63840352
271.9,90.57532871
272,90.51229805
272.1,90.44931148
272.2,90.386369
272.3,90.32347056
272.4,90.26061613
272.5,90.19780569
272.6,90.13503919
272.7,90.07231662
272.8,90.00963794
272.9,89.94700312
273,89.88441212
273.1,89.82186493
273.2,89.7593615
273.3,89.69690181
273.4,89.63448583
273.5,89.57211352
273.6,89.50978486
273.7,89.44749981
273.8,89.38525835
273.9,89.32306044
274,89.26090606
274.1,89.19879516
274.2,89.13672773
274.3,89.07470373
274.4,89.01272314
274.5,88.95078591
274.6,88.88889203
274.7,88.82704145
274.8,88.76523416
274.9,88.70347011
275,88.64174929
275.1,88.58007166
275.2,88.51843718
275.3,88.45684583
275.4,88.39529759
275.5,88.33379241
275.6,88.27233027
275.7,88.21091113
275.8,88.14953498
275.9,88.08820178
276,88.02691149
276.1,87.96566409
276.2,87.90445955
276.3,87.84329784
276.4,87.78217892
276.5,87.72110278
276.6,87.66006937
276.7,87.59907867
276.8,87.53813065
276.9,87.47722528
277,87.41636252
277.1,87.35554236
277.2,87.29476475
277.3,87.23402968
277.4,87.1733371
277.5,87.112687
277.6,87.05207933
277.7,86.99151407
277.8,86.9309912
277.9,86.87051068
278,86.81007248
278.1,86.74967657
278.2,86.68932292
278.3,86.6290115
278.4,86.56874229
278.5,86.50851526
278.6,86.44833036
278.7,86.38818758
278.8,86.32808689
278.9,86.26802825
279,86.20801164
279.1,86.14803703
279.2,86.08810438
279.3,86.02821367
279.4,85.96836487
279.5,85.90855795
279.6,85.84879288
279.7,85.78906963
279.8,85.72938817
279.9,85.66974848
280,85.61015051
280.1,85.55059426
280.2,85.49107967
280.3,85.43160673
280.4,85.37217541
280.5,85.31278568
280.6,85.2534375
280.7,85.19413086
280.8,85.13486571
280.9,85.07564203
281,85.0164598
281.1,84.95731898
281.2,84.89821955
281.3,84.83916146
281.4,84.78014471
281.5,84.72116925
281.6,84.66223506
281.7,84.60334211
281.8,84.54449037
281.9,84.48567982
282,84.42691041
282.1,84.36818213
282.2,84.30949495
282.3,84.25084883
282.4,84.19224375
282.5,84.13367968
282.6,84.07515659
282.7,84.01667445
282.8,83.95823324
282.9,83.89983292
283,83.84147346
283.1,83.78315484
283.2,83.72487703
283.3,83.66664001
283.4,83.60844373
283.5,83.55028817
283.6,83.49217332
283.7,83.43409912
283.8,83.37606557
283.9,83.31807262
284,83.26012026
284.1,83.20220844
284.2,83.14433715
284.3,83.08650636
284.4,83.02871604
284.5,82.97096615
284.6,82.91325667
284.7,82.85558758
284.8,82.79795884
284.9,82.74037043
285,82.68282231
285.1,82.62531447
285.2,82.56784686
285.3,82.51041947
285.4,82.45303227
285.5,82.39568522
285.6,82.3383783
285.7,82.28111148
285.8,82.22388473
285.9,82.16669803
286,82.10955135
286.1,82.05244465
286.2,81.99537792
286.3,81.93835111
286.4,81.88136421
286.5,81.82441719
286.6,81.76751002
286.7,81.71064267
286.8,81.65381511
286.9,81.59702732
287,81.54027926
287.1,81.48357092
287.2,81.42690226
287.3,81.37027325
287.4,81.31368386
287.5,81.25713408
287.6,81.20062387
287.7,81.1441532
287.8,81.08772204
287.9,81.03133038
288,80.97497817
288.1,80.9186654
288.2,80.86239203
288.3,80.80615804
288.4,80.7499634
288.5,80.69380808
288.6,80.63769206
288.7,80.58161531
288.8,80.52557779
288.9,80.46957949
289,80.41362037
289.1,80.35770041
289.2,80.30181958
289.3,80.24597785
289.4,80.1901752
289.5,80.1344116
289.6,80.07868702
289.7,80.02300143
289.8,79.96735481
289.9,79.91174712
290,79.85617835
290.1,79.80064846
290.2,79.74515743
290.3,79.68970523
290.4,79.63429184
290.5,79.57891722
290.6,79.52358134
290.7,79.46828419
290.8,79.41302574
290.9,79.35780595
291,79.3026248
291.1,79.24748226
291.2,79.19237832
291.3,79.13731293
291.4,79.08228607
291.5,79.02729772
291.6,78.97234784
291.7,78.91743642
291.8,78.86256342
291.9,78.80772882
292,78.75293259
292.1,78.69817471
292.2,78.64345514
292.3,78.58877386
292.4,78.53413085
292.5,78.47952607
292.6,78.4249595
292.7,78.37043112
292.8,78.31594089
292.9,78.26148879
293,78.2070748
293.1,78.15269888
293.2,78.09836101
293.3,78.04406116
293.4,77.98979931
293.5,77.93557544
293.6,77.8813895
293.7,77.82724148
293.8,77.77313135
293.9,77.71905909
294,77.66502466
294.1,77.61102805
294.2,77.55706921
294.3,77.50314814
294.4,77.4492648
294.5,77.39541916
294.6,77.3416112
294.7,77.2878409
294.8,77.23410822
294.9,77.18041314
295,77.12675563
295.1,77.07313567
295.2,77.01955323
295.3,76.96600829
295.4,76.91250081
295.5,76.85903078
295.6,76.80559816
295.7,76.75220293
295.8,76.69884506
295.9,76.64552454
296,76.59224132
296.1,76.53899539
296.2,76.48578672
296.3,76.43261528
296.4,76.37948105
296.5,76.326384
296.6,76.2733241
296.7,76.22030134
296.8,76.16731567
296.9,76.11436709
297,76.06145555
297.1,76.00858104
297.2,75.95574353
297.3,75.90294299
297.4,75.8501794
297.5,75.79745273
297.6,75.74476296
297.7,75.69211005
297.8,75.63949399
297.9,75.58691475
298,75.5343723
298.1,75.48186662
298.2,75.42939768
298.3,75.37696546
298.4,75.32456992
298.5,75.27221105
298.6,75.21988882
298.7,75.1676032
298.8,75.11535417
298.9,75.06314169
299,75.01096576
299.1,74.95882633
299.2,74.90672339
299.3,74.85465691
299.4,74.80262687
299.5,74.75063323
299.6,74.69867597
299.7,74.64675507
299.8,74.5948705
299.9,74.54302224
300,74.49121026
300.1,74.43943454
300.2,74.38769505
300.3,74.33599176
300.4,74.28432465
300.5,74.2326937
300.6,74.18109887
300.7,74.12954015
300.8,74.07801751
300.9,74.02653092
301,73.97508036
301.1,73.9236658
301.2,73.87228721
301.3,73.82094459
301.4,73.76963788
301.5,73.71836708
301.6,73.66713216
301.7,73.61593309
301.8,73.56476985
301.9,73.5136424
302,73.46255074
302.1,73.41149483
302.2,73.36047464
302.3,73.30949015
302.4,73.25854134
302.5,73.20762819
302.6,73.15675066
302.7,73.10590873
302.8,73.05510238
302.9,73.00433158
303,72.9535963
303.1,72.90289653
303.2,72.85223224
303.3,72.8016034
303.4,72.75100999
303.5,72.70045198
303.6,72.64992935
303.7,72.59944207
303.8,72.54899012
303.9,72.49857347
304,72.44819211
304.1,72.397846
304.2,72.34753511
304.3,72.29725944
304.4,72.24701894
304.5,72.1968136
304.6,72.1466434
304.7,72.09650829
304.8,72.04640828
304.9,71.99634332
305,71.94631339
305.1,71.89631847
305.2,71.84635853
305.3,71.79643356
305.4,71.74654352
305.5,71.69668839
305.6,71.64686815
305.7,71.59708277
305.8,71.54733222
305.9,71.49761649
306,71.44793555
306.1,71.39828937
306.2,71.34867794
306.3,71.29910122
306.4,71.24955919
306.5,71.20005183
306.6,71.15057911
306.7,71.10114101
306.8,71.0517375
306.9,71.00236857
307,70.95303418
307.1,70.90373431
307.2,70.85446894
307.3,70.80523805
307.4,70.7560416
307.5,70.70687958
307.6,70.65775196
307.7,70.60865872
307.8,70.55959983
307.9,70.51057527
308,70.46158502
308.1,70.41262904
308.2,70.36370733
308.3,70.31481985
308.4,70.26596657
308.5,70.21714749
308.6,70.16836256
308.7,70.11961177
308.8,70.07089509
308.9,70.02221251
309,69.97356399
309.1,69.92494951
309.2,69.87636905
309.3,69.82782259
309.4,69.77931009
309.5,69.73083154
309.6,69.68238692
309.7,69.63397619
309.8,69.58559935
309.9,69.53725635
310,69.48894718
310.1,69.44067181
310.2,69.39243023
310.3,69.3442224
310.4,69.29604831
310.5,69.24790793
310.6,69.19980123
310.7,69.1517282
310.8,69.1036888
310.9,69.05568303
311,69.00771084
311.1,68.95977222
311.2,68.91186715
311.3,68.8639956
311.4,68.81615755
311.5,68.76835297
311.6,68.72058185
311.7,68.67284415
311.8,68.62513986
311.9,68.57746895
312,68.52983139
312.1,68.48222718
312.2,68.43465627
312.3,68.38711865
312.4,68.33961429
312.5,68.29214318
312.6,68.24470529
312.7,68.19730059
312.8,68.14992906
312.9,68.10259068
313,68.05528542
313.1,68.00801327
313.2,67.9607742
313.3,67.91356818
313.4,67.86639519
313.5,67.81925522
313.6,67.77214823
313.7,67.7250742
313.8,67.67803312
313.9,67.63102495
314,67.58404967
314.1,67.53710727
314.2,67.49019772
314.3,67.44332099
314.4,67.39647706
314.5,67.34966591
314.6,67.30288752
314.7,67.25614186
314.8,67.20942891
314.9,67.16274865
315,67.11610106
315.1,67.0694861
315.2,67.02290377
315.3,66.97635403
315.4,66.92983687
315.5,66.88335225
315.6,66.83690017
315.7,66.79048058
315.8,66.74409348
315.9,66.69773885
316,66.65141664
316.1,66.60512685
316.2,66.55886946
316.3,66.51264443
316.4,66.46645175
316.5,66.42029139
316.6,66.37416333
316.7,66.32806755
316.8,66.28200403
316.9,66.23597274
317,66.18997366
317.1,66.14400677
317.2,66.09807204
317.3,66.05216946
317.4,66.006299
317.5,65.96046064
317.6,65.91465435
317.7,65.86888011
317.8,65.82313791
317.9,65.77742771
318,65.7317495
318.1,65.68610325
318.2,65.64048895
318.3,65.59490656
318.4,65.54935607
318.5,65.50383746
318.6,65.45835069
318.7,65.41289576
318.8,65.36747263
318.9,65.32208129
319,65.27672171
319.1,65.23139387
319.2,65.18609775
319.3,65.14083333
319.4,65.09560058
319.5,65.05039948
319.6,65.00523001
319.7,64.96009215
319.8,64.91498587
319.9,64.86991116
320,64.82486799
320.1,64.77985634
320.2,64.73487618
320.3,64.68992751
320.4,64.64501028
320.5,64.60012448
320.6,64.5552701
320.7,64.5104471
320.8,64.46565546
320.9,64.42089517
321,64.3761662
321.1,64.33146853
321.2,64.28680214
321.3,64.242167
321.4,64.1975631
321.5,64.15299041
321.6,64.10844891
321.7,64.06393857
321.8,64.01945938
321.9,63.97501132
322,63.93059436
322.1,63.88620848
322.2,63.84185366
322.3,63.79752988
322.4,63.75323711
322.5,63.70897534
322.6,63.66474454
322.7,63.62054469
322.8,63.57637577
322.9,63.53223776
323,63.48813063
323.1,63.44405437
323.2,63.40000895
323.3,63.35599435
323.4,63.31201055
323.5,63.26805753
323.6,63.22413526
323.7,63.18024373
323.8,63.13638291
323.9,63.09255279
324,63.04875333
324.1,63.00498452
324.2,62.96124634
324.3,62.91753877
324.4,62.87386178
324.5,62.83021536
324.6,62.78659947
324.7,62.74301411
324.8,62.69945925
324.9,62.65593486
325,62.61244093
325.1,62.56897744
325.2,62.52554436
325.3,62.48214167
325.4,62.43876935
325.5,62.39542738
325.6,62.35211575
325.7,62.30883441
325.8,62.26558337
325.9,62.22236259
326,62.17917206
326.1,62.13601174
326.2,62.09288163
326.3,62.0497817
326.4,62.00671193
326.5,61.9636723
326.6,61.92066278
326.7,61.87768336
326.8,61.83473402
326.9,61.79181473
327,61.74892547
327.1,61.70606623
327.2,61.66323697
327.3,61.62043769
327.4,61.57766835
327.5,61.53492894
327.6,61.49221944
327.7,61.44953983
327.8,61.40689008
327.9,61.36427018
328,61.3216801
328.1,61.27911982
328.2,61.23658932
328.3,61.19408859
328.4,61.15161759
328.5,61.10917631
328.6,61.06676474
328.7,61.02438284
328.8,60.98203059
328.9,60.93970799
329,60.897415
329.1,60.8551516
329.2,60.81291778
329.3,60.77071351
329.4,60.72853877
329.5,60.68639355
329.6,60.64427781
329.7,60.60219155
329.8,60.56013474
329.9,60.51810736
330,60.47610938
330.1,60.4341408
330.2,60.39220158
330.3,60.35029171
330.4,60.30841116
330.5,60.26655992
330.6,60.22473797
330.7,60.18294528
330.8,60.14118184
330.9,60.09944762
331,60.05774261
331.1,60.01606678
331.2,59.97442011
331.3,59.93280258
331.4,59.89121418
331.5,59.84965487
331.6,59.80812465
331.7,59.76662349
331.8,59.72515137
331.9,59.68370827
332,59.64229418
332.1,59.60090906
332.2,59.5595529
332.3,59.51822567
332.4,59.47692737
332.5,59.43565797
332.6,59.39441745
332.7,59.35320578
332.8,59.31202295
332.9,59.27086894
333,59.22974373
333.1,59.18864729
333.2,59.14757961
333.3,59.10654067
333.4,59.06553045
333.5,59.02454892
333.6,58.98359608
333.7,58.94267188
333.8,58.90177633
333.9,58.86090939
334,58.82007105
334.1,58.77926128
334.2,58.73848008
334.3,58.6977274
334.4,58.65700325
334.5,58.61630759
334.6,58.57564041
334.7,58.53500169
334.8,58.4943914
334.9,58.45380954
335,58.41325606
335.1,58.37273097
335.2,58.33223423
335.3,58.29176584
335.4,58.25132576
335.5,58.21091397
335.6,58.17053047
335.7,58.13017522
335.8,58.08984822
335.9,58.04954943
336,58.00927884
336.1,57.96903643
336.2,57.92882218
336.3,57.88863608
336.4,57.84847809
336.5,57.8083482
336.6,57.76824639
336.7,57.72817265
336.8,57.68812694
336.9,57.64810926
337,57.60811959
337.1,57.56815789
337.2,57.52822416
337.3,57.48831837
337.4,57.44844051
337.5,57.40859055
337.6,57.36876847
337.7,57.32897426
337.8,57.2892079
337.9,57.24946937
338,57.20975864
338.1,57.1700757
338.2,57.13042053
338.3,57.0907931
338.4,57.05119341
338.5,57.01162143
338.6,56.97207713
338.7,56.93256051
338.8,56.89307154
338.9,56.8536102
339,56.81417648
339.1,56.77477035
339.2,56.7353918
339.3,56.6960408
339.4,56.65671733
339.5,56.61742139
339.6,56.57815294
339.7,56.53891196
339.8,56.49969845
339.9,56.46051238
340,56.42135373
340.1,56.38222248
340.2,56.34311861
340.3,56.30404211
340.4,56.26499295
340.5,56.22597111
340.6,56.18697658
340.7,56.14800934
340.8,56.10906936
340.9,56.07015663
341,56.03127113
341.1,55.99241285
341.2,55.95358175
341.3,55.91477783
341.4,55.87600106
341.5,55.83725142
341.6,55.7985289
341.7,55.75983347
341.8,55.72116512
341.9,55.68252383
342,55.64390958
342.1,55.60532235
342.2,55.56676213
342.3,55.52822888
342.4,55.4897226
342.5,55.45124326
342.6,55.41279085
342.7,55.37436535
342.8,55.33596673
342.9,55.29759499
343,55.2592501
343.1,55.22093203
343.2,55.18264078
343.3,55.14437633
343.4,55.10613865
343.5,55.06792773
343.6,55.02974355
343.7,54.99158608
343.8,54.95345532
343.9,54.91535124
344,54.87727382
344.1,54.83922305
344.2,54.8011989
344.3,54.76320136
344.4,54.72523042
344.5,54.68728604
344.6,54.64936821
344.7,54.61147691
344.8,54.57361213
344.9,54.53577385
345,54.49796205
345.1,54.4601767
345.2,54.42241779
345.3,54.38468531
345.4,54.34697923
345.5,54.30929953
345.6,54.2716462
345.7,54.23401922
345.8,54.19641857
345.9,54.15884423
346,54.12129618
346.1,54.08377441
346.2,54.04627889
346.3,54.00880961
346.4,53.97136655
346.5,53.93394969
346.6,53.89655901
346.7,53.8591945
346.8,53.82185614
346.9,53.7845439
347,53.74725777
347.1,53.70999773
347.2,53.67276376
347.3,53.63555585
347.4,53.59837398
347.5,53.56121812
347.6,53.52408827
347.7,53.4869844
347.8,53.44990648
347.9,53.41285452
348,53.37582848
348.1,53.33882835
348.2,53.30185412
348.3,53.26490575
348.4,53.22798324
348.5,53.19108657
348.6,53.15421572
348.7,53.11737066
348.8,53.08055139
348.9,53.04375788
349,53.00699012
349.1,52.97024809
349.2,52.93353177
349.3,52.89684114
349.4,52.86017619
349.5,52.82353689
349.6,52.78692323
349.7,52.75033519
349.8,52.71377275
349.9,52.6772359
350,52.64072462
350.1,52.60423888
350.2,52.56777868
350.3,52.53134399
350.4,52.49493479
350.5,52.45855107
350.6,52.42219281
350.7,52.38586
350.8,52.3495526
350.9,52.31327062
351,52.27701402
351.1,52.24078279
351.2,52.20457692
351.3,52.16839638
351.4,52.13224115
351.5,52.09611123
351.6,52.06000659
351.7,52.02392722
351.8,51.98787309
351.9,51.95184419
352,51.9158405
352.1,51.87986201
352.2,51.84390869
352.3,51.80798053
352.4,51.77207751
352.5,51.73619961
352.6,51.70034682
352.7,51.66451912
352.8,51.62871649
352.9,51.59293891
353,51.55718637
353.1,51.52145885
353.2,51.48575632
353.3,51.45007878
353.4,51.41442621
353.5,51.37879858
353.6,51.34319588
353.7,51.3076181
353.8,51.27206521
353.9,51.2365372
354,51.20103405
354.1,51.16555575
354.2,51.13010227
354.3,51.0946736
354.4,51.05926972
354.5,51.02389062
354.6,50.98853627
354.7,50.95320666
354.8,50.91790177
354.9,50.88262159
355,50.8473661
355.1,50.81213527
355.2,50.7769291
355.3,50.74174757
355.4,50.70659065
355.5,50.67145834
355.6,50.6363506
355.7,50.60126744
355.8,50.56620882
355.9,50.53117474
356,50.49616517
356.1,50.4611801
356.2,50.42621952
356.3,50.39128339
356.4,50.35637171
356.5,50.32148446
356.6,50.28662163
356.7,50.25178319
356.8,50.21696913
356.9,50.18217943
357,50.14741407
357.1,50.11267304
357.2,50.07795632
357.3,50.0432639
357.4,50.00859575
357.5,49.97395186
357.6,49.93933221
357.7,49.90473679
357.8,49.87016557
357.9,49.83561855
358,49.8010957
358.1,49.76659701
358.2,49.73212246
358.3,49.69767203
358.4,49.66324571
358.5,49.62884348
358.6,49.59446533
358.7,49.56011122
358.8,49.52578116
358.9,49.49147513
359,49.45719309
359.1,49.42293505
359.2,49.38870098
359.3,49.35449086
359.4,49.32030469
359.5,49.28614243
359.6,49.25200408
359.7,49.21788962
359.8,49.18379903
359.9,49.1497323
360,49.1156894
360.1,49.08167032
360.2,49.04767505
360.3,49.01370357
360.4,48.97975586
360.5,48.94583191
360.6,48.91193169
360.7,48.8780552
360.8,48.84420241
360.9,48.81037331
361,48.77656788
361.1,48.74278611
361.2,48.70902798
361.3,48.67529347
361.4,48.64158256
361.5,48.60789524
361.6,48.5742315
361.7,48.54059132
361.8,48.50697467
361.9,48.47338155
362,48.43981193
362.1,48.4062658
362.2,48.37274315
362.3,48.33924396
362.4,48.3057682
362.5,48.27231588
362.6,48.23888696
362.7,48.20548143
362.8,48.17209928
362.9,48.13874048
363,48.10540503
363.1,48.07209291
363.2,48.0388041
363.3,48.00553858
363.4,47.97229634
363.5,47.93907736
363.6,47.90588163
363.7,47.87270912
363.8,47.83955983
363.9,47.80643373
364,47.77333082
364.1,47.74025106
364.2,47.70719446
364.3,47.67416099
364.4,47.64115063
364.5,47.60816337
364.6,47.57519919
364.7,47.54225808
364.8,47.50934003
364.9,47.476445
365,47.443573
365.1,47.410724
365.2,47.37789798
365.3,47.34509493
365.4,47.31231484
365.5,47.27955769
365.6,47.24682346
365.7,47.21411213
365.8,47.18142369
365.9,47.14875813
366,47.11611543
366.1,47.08349556
366.2,47.05089853
366.3,47.0183243
366.4,46.98577287
366.5,46.95324421
366.6,46.92073832
366.7,46.88825517
366.8,46.85579476
366.9,46.82335706
367,46.79094205
367.1,46.75854973
367.2,46.72618008
367.3,46.69383307
367.4,46.66150871
367.5,46.62920696
367.6,46.59692781
367.7,46.56467125
367.8,46.53243727
367.9,46.50022584
368,46.46803694
368.1,46.43587058
368.2,46.40372672
368.3,46.37160536
368.4,46.33950647
368.5,46.30743004
368.6,46.27537606
368.7,46.24334451
368.8,46.21133537
368.9,46.17934864
369,46.14738428
369.1,46.11544229
369.2,46.08352266
369.3,46.05162536
369.4,46.01975037
369.5,45.9878977
369.6,45.95606731
369.7,45.9242592
369.8,45.89247334
369.9,45.86070973
370,45.82896835
370.1,45.79724917
370.2,45.76555219
370.3,45.73387739
370.4,45.70222476
370.5,45.67059427
370.6,45.63898592
370.7,45.60739969
370.8,45.57583556
370.9,45.54429351
371,45.51277354
371.1,45.48127562
371.2,45.44979975
371.3,45.4183459
371.4,45.38691406
371.5,45.35550421
371.6,45.32411635
371.7,45.29275045
371.8,45.26140649
371.9,45.23008447
372,45.19878437
372.1,45.16750617
372.2,45.13624986
372.3,45.10501541
372.4,45.07380283
372.5,45.04261209
372.6,45.01144317
372.7,44.98029606
372.8,44.94917075
372.9,44.91806722
373,44.88698545
373.1,44.85592543
373.2,44.82488715
373.3,44.79387058
373.4,44.76287572
373.5,44.73190255
373.6,44.70095106
373.7,44.67002122
373.8,44.63911302
373.9,44.60822645
374,44.5773615
374.1,44.54651814
374.2,44.51569637
374.3,44.48489616
374.4,44.45411751
374.5,44.42336039
374.6,44.3926248
374.7,44.36191071
374.8,44.33121812
374.9,44.300547
375,44.26989735
375.1,44.23926914
375.2,44.20866237
375.3,44.17807701
375.4,44.14751305
375.5,44.11697049
375.6,44.08644929
375.7,44.05594945
375.8,44.02547096
375.9,43.99501379
376,43.96457793
376.1,43.93416337
376.2,43.9037701
376.3,43.87339809
376.4,43.84304734
376.5,43.81271782
376.6,43.78240953
376.7,43.75212244
376.8,43.72185655
376.9,43.69161184
377,43.66138829
377.1,43.63118589
377.2,43.60100462
377.3,43.57084448
377.4,43.54070544
377.5,43.51058748
377.6,43.48049061
377.7,43.45041479
377.8,43.42036002
377.9,43.39032628
378,43.36031356
378.1,43.33032184
378.2,43.30035111
378.3,43.27040134
378.4,43.24047254
378.5,43.21056468
378.6,43.18067774
378.7,43.15081172
378.8,43.1209666
378.9,43.09114236
379,43.061339
379.1,43.03155649
379.2,43.00179481
379.3,42.97205397
379.4,42.94233393
379.5,42.9126347
379.6,42.88295624
379.7,42.85329855
379.8,42.82366162
379.9,42.79404542
380,42.76444995
380.1,42.73487519
380.2,42.70532112
380.3,42.67578773
380.4,42.64627501
380.5,42.61678294
380.6,42.58731151
380.7,42.5578607
380.8,42.5284305
380.9,42.49902089
381,42.46963187
381.1,42.4402634
381.2,42.41091549
381.3,42.38158812
381.4,42.35228126
381.5,42.32299492
381.6,42.29372907
381.7,42.26448369
381.8,42.23525878
381.9,42.20605433
382,42.1768703
382.1,42.1477067
382.2,42.11856351
382.3,42.08944071
382.4,42.06033829
382.5,42.03125623
382.6,42.00219452
382.7,41.97315315
382.8,41.94413211
382.9,41.91513136
383,41.88615092
383.1,41.85719075
383.2,41.82825084
383.3,41.79933119
383.4,41.77043178
383.5,41.74155258
383.6,41.7126936
383.7,41.68385481
383.8,41.6550362
383.9,41.62623775
384,41.59745946
384.1,41.5687013
384.2,41.53996327
384.3,41.51124535
384.4,41.48254752
384.5,41.45386978
384.6,41.4252121
384.7,41.39657448
384.8,41.36795689
384.9,41.33935933
385,41.31078179
385.1,41.28222423
385.2,41.25368667
385.3,41.22516907
385.4,41.19667143
385.5,41.16819372
385.6,41.13973595
385.7,41.11129809
385.8,41.08288013
385.9,41.05448205
386,41.02610385
386.1,40.9977455
386.2,40.969407
386.3,40.94108833
386.4,40.91278947
386.5,40.88451042
386.6,40.85625115
386.7,40.82801166
386.8,40.79979193
386.9,40.77159195
387,40.7434117
387.1,40.71525117
387.2,40.68711034
387.3,40.65898921
387.4,40.63088775
387.5,40.60280596
387.6,40.57474382
387.7,40.54670131
387.8,40.51867843
387.9,40.49067516
388,40.46269148
388.1,40.43472739
388.2,40.40678286
388.3,40.37885789
388.4,40.35095245
388.5,40.32306655
388.6,40.29520016
388.7,40.26735326
388.8,40.23952586
388.9,40.21171792
389,40.18392945
389.1,40.15616042
389.2,40.12841082
389.3,40.10068064
389.4,40.07296986
389.5,40.04527848
389.6,40.01760647
389.7,39.98995382
389.8,39.96232053
389.9,39.93470657
390,39.90711193
390.1,39.87953661
390.2,39.85198058
390.3,39.82444383
390.4,39.79692635
390.5,39.76942813
390.6,39.74194915
390.7,39.7144894
390.8,39.68704886
390.9,39.65962752
391,39.63222538
391.1,39.6048424
391.2,39.57747859
391.3,39.55013393
391.4,39.5228084
391.5,39.49550199
391.6,39.46821469
391.7,39.44094649
391.8,39.41369736
391.9,39.38646731
392,39.3592563
392.1,39.33206434
392.2,39.30489141
392.3,39.27773749
392.4,39.25060257
392.5,39.22348664
392.6,39.19638969
392.7,39.16931169
392.8,39.14225265
392.9,39.11521253
393,39.08819134
393.1,39.06118906
393.2,39.03420568
393.3,39.00724117
393.4,38.98029553
393.5,38.95336875
393.6,38.92646081
393.7,38.8995717
393.8,38.87270141
393.9,38.84584992
394,38.81901721
394.1,38.79220329
394.2,38.76540812
394.3,38.73863171
394.4,38.71187404
394.5,38.68513508
394.6,38.65841484
394.7,38.6317133
394.8,38.60503044
394.9,38.57836625
395,38.55172072
395.1,38.52509384
395.2,38.49848559
395.3,38.47189595
395.4,38.44532493
395.5,38.41877249
395.6,38.39223864
395.7,38.36572336
395.8,38.33922662
395.9,38.31274843
396,38.28628877
396.1,38.25984763
396.2,38.23342498
396.3,38.20702083
396.4,38.18063515
396.5,38.15426793
396.6,38.12791917
396.7,38.10158884
396.8,38.07527694
396.9,38.04898345
397,38.02270836
397.1,37.99645165
397.2,37.97021332
397.3,37.94399335
397.4,37.91779173
397.5,37.89160844
397.6,37.86544347
397.7,37.83929681
397.8,37.81316845
397.9,37.78705837
398,37.76096657
398.1,37.73489302
398.2,37.70883771
398.3,37.68280064
398.4,37.65678179
398.5,37.63078114
398.6,37.60479869
398.7,37.57883442
398.8,37.55288832
398.9,37.52696037
399,37.50105057
399.1,37.47515889
399.2,37.44928534
399.3,37.42342989
399.4,37.39759253
399.5,37.37177326
399.6,37.34597205
399.7,37.32018889
399.8,37.29442378
399.9,37.26867669
400,37.24294763
400.1,37.21723656
400.2,37.19154349
400.3,37.1658684
400.4,37.14021127
400.5,37.1145721
400.6,37.08895087
400.7,37.06334756
400.8,37.03776218
400.9,37.01219469
401,36.9866451
401.1,36.96111338
401.2,36.93559954
401.3,36.91010354
401.4,36.88462539
401.5,36.85916506
401.6,36.83372255
401.7,36.80829785
401.8,36.78289093
401.9,36.75750179
402,36.73213042
402.1,36.70677681
402.2,36.68144093
402.3,36.65612279
402.4,36.63082236
402.5,36.60553963
402.6,36.5802746
402.7,36.55502724
402.8,36.52979755
402.9,36.50458552
403,36.47939113
403.1,36.45421437
403.2,36.42905523
403.3,36.40391369
403.4,36.37878974
403.5,36.35368338
403.6,36.32859458
403.7,36.30352334
403.8,36.27846965
403.9,36.25343348
404,36.22841483
404.1,36.2034137
404.2,36.17843005
404.3,36.15346389
404.4,36.1285152
404.5,36.10358396
404.6,36.07867018
404.7,36.05377382
404.8,36.02889489
404.9,36.00403337
405,35.97918924
405.1,35.9543625
405.2,35.92955313
405.3,35.90476112
405.4,35.87998646
405.5,35.85522913
405.6,35.83048913
405.7,35.80576644
405.8,35.78106106
405.9,35.75637295
406,35.73170213
406.1,35.70704857
406.2,35.68241226
406.3,35.65779319
406.4,35.63319134
406.5,35.60860671
406.6,35.58403929
406.7,35.55948906
406.8,35.534956
406.9,35.51044011
407,35.48594138
407.1,35.46145979
407.2,35.43699533
407.3,35.41254799
407.4,35.38811776
407.5,35.36370462
407.6,35.33930857
407.7,35.31492959
407.8,35.29056767
407.9,35.26622279
408,35.24189495
408.1,35.21758413
408.2,35.19329033
408.3,35.16901352
408.4,35.1447537
408.5,35.12051086
408.6,35.09628499
408.7,35.07207606
408.8,35.04788408
408.9,35.02370902
409,34.99955088
409.1,34.97540964
409.2,34.9512853
409.3,34.92717784
409.4,34.90308725
409.5,34.87901351
409.6,34.85495663
409.7,34.83091657
409.8,34.80689334
409.9,34.78288692
410,34.75889729
410.1,34.73492446
410.2,34.71096839
410.3,34.6870291
410.4,34.66310655
410.5,34.63920074
410.6,34.61531167
410.7,34.5914393
410.8,34.56758365
410.9,34.54374468
411,34.5199224
411.1,34.49611679
411.2,34.47232783
411.3,34.44855552
411.4,34.42479985
411.5,34.4010608
411.6,34.37733836
411.7,34.35363252
411.8,34.32994327
411.9,34.3062706
412,34.28261449
412.1,34.25897493
412.2,34.23535192
412.3,34.21174544
412.4,34.18815547
412.5,34.16458202
412.6,34.14102505
412.7,34.11748458
412.8,34.09396057
412.9,34.07045303
413,34.04696193
413.1,34.02348728
413.2,34.00002905
413.3,33.97658723
413.4,33.95316182
413.5,33.9297528
413.6,33.90636016
413.7,33.8829839
413.8,33.85962398
413.9,33.83628042
414,33.81295319
414.1,33.78964228
414.2,33.76634768
414.3,33.74306939
414.4,33.71980738
414.5,33.69656165
414.6,33.67333219
414.7,33.65011899
414.8,33.62692202
414.9,33.60374129
415,33.58057678
415.1,33.55742848
415.2,33.53429638
415.3,33.51118046
415.4,33.48808072
415.5,33.46499714
415.6,33.44192972
415.7,33.41887844
415.8,33.39584329
415.9,33.37282425
416,33.34982133
416.1,33.3268345
416.2,33.30386376
416.3,33.28090909
416.4,33.25797048
416.5,33.23504793
416.6,33.21214141
416.7,33.18925092
416.8,33.16637646
416.9,33.14351799
417,33.12067553
417.1,33.09784904
417.2,33.07503853
417.3,33.05224399
417.4,33.02946539
417.5,33.00670273
417.6,32.983956
417.7,32.96122519
417.8,32.93851028
417.9,32.91581127
418,32.89312814
418.1,32.87046089
418.2,32.84780949
418.3,32.82517395
418.4,32.80255425
418.5,32.77995037
418.6,32.75736231
418.7,32.73479006
418.8,32.7122336
418.9,32.68969293
419,32.66716803
419.1,32.64465889
419.2,32.6221655
419.3,32.59968786
419.4,32.57722594
419.5,32.55477974
419.6,32.53234924
419.7,32.50993444
419.8,32.48753533
419.9,32.46515189
420,32.44278411
420.1,32.42043199
420.2,32.3980955
420.3,32.37577465
420.4,32.35346942
420.5,32.33117979
420.6,32.30890576
420.7,32.28664732
420.8,32.26440445
420.9,32.24217715
421,32.2199654
421.1,32.19776919
421.2,32.17558852
421.3,32.15342337
421.4,32.13127372
421.5,32.10913958
421.6,32.08702092
421.7,32.06491775
421.8,32.04283003
421.9,32.02075778
422,31.99870097
422.1,31.9766596
422.2,31.95463364
422.3,31.9326231
422.4,31.91062797
422.5,31.88864822
422.6,31.86668386
422.7,31.84473486
422.8,31.82280122
422.9,31.80088294
423,31.77897998
423.1,31.75709236
423.2,31.73522005
423.3,31.71336305
423.4,31.69152134
423.5,31.66969491
423.6,31.64788376
423.7,31.62608787
423.8,31.60430724
423.9,31.58254184
424,31.56079167
424.1,31.53905673
424.2,31.51733699
424.3,31.49563245
424.4,31.4739431
424.5,31.45226893
424.6,31.43060992
424.7,31.40896607
424.8,31.38733737
424.9,31.3657238
425,31.34412535
425.1,31.32254202
425.2,31.30097379
425.3,31.27942065
425.4,31.25788259
425.5,31.23635961
425.6,31.21485169
425.7,31.19335881
425.8,31.17188098
425.9,31.15041818
426,31.12897039
426.1,31.10753762
426.2,31.08611984
426.3,31.06471704
426.4,31.04332923
426.5,31.02195638
426.6,31.00059849
426.7,30.97925554
426.8,30.95792753
426.9,30.93661444
427,30.91531626
427.1,30.89403299
427.2,30.87276461
427.3,30.85151112
427.4,30.83027249
427.5,30.80904873
427.6,30.78783982
427.7,30.76664575
427.8,30.74546651
427.9,30.7243021
428,30.70315249
428.1,30.68201768
428.2,30.66089766
428.3,30.63979242
428.4,30.61870195
428.5,30.59762623
428.6,30.57656527
428.7,30.55551904
428.8,30.53448754
428.9,30.51347075
429,30.49246867
429.1,30.47148129
429.2,30.4505086
429.3,30.42955058
429.4,30.40860722
429.5,30.38767852
429.6,30.36676447
429.7,30.34586505
429.8,30.32498025
429.9,30.30411007
430,30.2832545
430.1,30.26241351
430.2,30.24158711
430.3,30.22077529
430.4,30.19997803
430.5,30.17919532
430.6,30.15842715
430.7,30.13767351
430.8,30.1169344
430.9,30.0962098
431,30.07549971
431.1,30.0548041
431.2,30.03412298
431.3,30.01345632
431.4,29.99280413
431.5,29.9721664
431.6,29.9515431
431.7,29.93093423
431.8,29.91033979
431.9,29.88975975
432,29.86919412
432.1,29.84864288
432.2,29.82810602
432.3,29.80758353
432.4,29.7870754
432.5,29.76658162
432.6,29.74610218
432.7,29.72563707
432.8,29.70518628
432.9,29.68474981
433,29.66432763
433.1,29.64391974
433.2,29.62352614
433.3,29.6031468
433.4,29.58278173
433.5,29.56243091
433.6,29.54209432
433.7,29.52177197
433.8,29.50146384
433.9,29.48116992
434,29.4608902
434.1,29.44062467
434.2,29.42037332
434.3,29.40013614
434.4,29.37991313
434.5,29.35970426
434.6,29.33950954
434.7,29.31932894
434.8,29.29916247
434.9,29.27901011
435,29.25887186
435.1,29.23874769
435.2,29.21863761
435.3,29.19854159
435.4,29.17845964
435.5,29.15839175
435.6,29.13833789
435.7,29.11829807
435.8,29.09827227
435.9,29.07826049
436,29.0582627
436.1,29.03827892
436.2,29.01830911
436.3,28.99835328
436.4,28.97841141
436.5,28.9584835
436.6,28.93856953
436.7,28.9186695
436.8,28.89878339
436.9,28.8789112
437,28.85905291
437.1,28.83920852
437.2,28.81937802
437.3,28.79956139
437.4,28.77975863
437.5,28.75996972
437.6,28.74019467
437.7,28.72043345
437.8,28.70068606
437.9,28.68095249
438,28.66123272
438.1,28.64152676
438.2,28.62183458
438.3,28.60215618
438.4,28.58249156
438.5,28.56284069
438.6,28.54320358
438.7,28.52358021
438.8,28.50397056
438.9,28.48437464
439,28.46479244
439.1,28.44522393
439.2,28.42566912
439.3,28.40612799
439.4,28.38660054
439.5,28.36708675
439.6,28.34758661
439.7,28.32810012
439.8,28.30862727
439.9,28.28916804
440,28.26972243
440.1,28.25029043
440.2,28.23087202
440.3,28.2114672
440.4,28.19207596
440.5,28.17269829
440.6,28.15333418
440.7,28.13398362
440.8,28.1146466
440.9,28.09532311
441,28.07601315
441.1,28.05671669
441.2,28.03743374
441.3,28.01816428
441.4,27.99890831
441.5,27.97966581
441.6,27.96043677
441.7,27.94122119
441.8,27.92201906
441.9,27.90283036
442,27.88365509
442.1,27.86449324
442.2,27.8453448
442.3,27.82620976
442.4,27.8070881
442.5,27.78797983
442.6,27.76888493
442.7,27.74980339
442.8,27.7307352
442.9,27.71168036
443,27.69263884
443.1,27.67361066
443.2,27.65459579
443.3,27.63559422
443.4,27.61660595
443.5,27.59763097
443.6,27.57866926
443.7,27.55972083
443.8,27.54078565
443.9,27.52186373
444,27.50295504
444.1,27.48405959
444.2,27.46517735
444.3,27.44630833
444.4,27.42745252
444.5,27.4086099
444.6,27.38978046
444.7,27.3709642
444.8,27.35216111
444.9,27.33337117
445,27.31459439
445.1,27.29583074
445.2,27.27708022
445.3,27.25834282
445.4,27.23961854
445.5,27.22090735
445.6,27.20220926
445.7,27.18352426
445.8,27.16485233
445.9,27.14619346
446,27.12754765
446.1,27.10891489
446.2,27.09029517
446.3,27.07168848
446.4,27.0530948
446.5,27.03451414
446.6,27.01594648
446.7,26.99739181
446.8,26.97885013
446.9,26.96032142
447,26.94180567
447.1,26.92330289
447.2,26.90481305
447.3,26.88633615
447.4,26.86787217
447.5,26.84942112
447.6,26.83098298
447.7,26.81255774
447.8,26.7941454
447.9,26.77574594
448,26.75735935
448.1,26.73898563
448.2,26.72062477
448.3,26.70227675
448.4,26.68394158
448.5,26.66561923
448.6,26.64730971
448.7,26.62901299
448.8,26.61072909
448.9,26.59245797
449,26.57419964
449.1,26.55595409
449.2,26.5377213
449.3,26.51950128
449.4,26.501294
449.5,26.48309946
449.6,26.46491766
449.7,26.44674857
449.8,26.42859221
449.9,26.41044854
450,26.39231757
450.1,26.37419929
450.2,26.35609369
450.3,26.33800076
450.4,26.31992049
450.5,26.30185287
450.6,26.28379789
450.7,26.26575555
450.8,26.24772583
450.9,26.22970873
451,26.21170424
451.1,26.19371234
451.2,26.17573304
451.3,26.15776631
451.4,26.13981216
451.5,26.12187057
451.6,26.10394154
451.7,26.08602505
451.8,26.0681211
451.9,26.05022968
452,26.03235078
452.1,26.01448438
452.2,25.99663049
452.3,25.9787891
452.4,25.96096019
452.5,25.94314375
452.6,25.92533978
452.7,25.90754827
452.8,25.88976921
452.9,25.87200259
453,25.85424841
453.1,25.83650664
453.2,25.81877729
453.3,25.80106035
453.4,25.78335581
453.5,25.76566365
453.6,25.74798387
453.7,25.73031647
453.8,25.71266143
453.9,25.69501874
454,25.6773884
454.1,25.65977039
454.2,25.64216472
454.3,25.62457136
454.4,25.60699031
454.5,25.58942157
454.6,25.57186512
454.7,25.55432096
454.8,25.53678907
454.9,25.51926945
455,25.50176209
455.1,25.48426698
455.2,25.46678411
455.3,25.44931348
455.4,25.43185507
455.5,25.41440888
455.6,25.3969749
455.7,25.37955311
455.8,25.36214352
455.9,25.34474611
456,25.32736087
456.1,25.3099878
456.2,25.29262689
456.3,25.27527812
456.4,25.25794149
456.5,25.240617
456.6,25.22330463
456.7,25.20600437
456.8,25.18871622
456.9,25.17144016
457,25.1541762
457.1,25.13692431
457.2,25.1196845
457.3,25.10245675
457.4,25.08524106
457.5,25.06803741
457.6,25.0508458
457.7,25.03366623
457.8,25.01649867
457.9,24.99934312
458,24.98219959
458.1,24.96506804
458.2,24.94794849
458.3,24.93084091
458.4,24.91374531
458.5,24.89666167
458.6,24.87958998
458.7,24.86253024
458.8,24.84548243
458.9,24.82844656
459,24.8114226
459.1,24.79441056
459.2,24.77741043
459.3,24.76042219
459.4,24.74344583
459.5,24.72648136
459.6,24.70952876
459.7,24.69258802
459.8,24.67565913
459.9,24.65874209
460,24.64183689
460.1,24.62494352
460.2,24.60806197
460.3,24.59119223
460.4,24.57433429
460.5,24.55748816
460.6,24.54065381
460.7,24.52383124
460.8,24.50702044
460.9,24.49022141
461,24.47343413
461.1,24.4566586
461.2,24.4398948
461.3,24.42314274
461.4,24.4064024
461.5,24.38967377
461.6,24.37295685
461.7,24.35625163
461.8,24.3395581
461.9,24.32287625
462,24.30620607
462.1,24.28954756
462.2,24.2729007
462.3,24.25626549
462.4,24.23964193
462.5,24.22302999
462.6,24.20642968
462.7,24.18984099
462.8,24.1732639
462.9,24.15669842
463,24.14014452
463.1,24.12360221
463.2,24.10707148
463.3,24.09055231
463.4,24.0740447
463.5,24.05754864
463.6,24.04106413
463.7,24.02459115
463.8,24.0081297
463.9,23.99167977
464,23.97524134
464.1,23.95881443
464.2,23.942399
464.3,23.92599506
464.4,23.90960261
464.5,23.89322162
464.6,23.87685209
464.7,23.86049402
464.8,23.8441474
464.9,23.82781221
465,23.81148846
465.1,23.79517613
465.2,23.77887521
465.3,23.7625857
465.4,23.74630759
465.5,23.73004087
465.6,23.71378553
465.7,23.69754156
465.8,23.68130897
465.9,23.66508773
466,23.64887784
466.1,23.6326793
466.2,23.61649209
466.3,23.6003162
466.4,23.58415164
466.5,23.56799839
466.6,23.55185644
466.7,23.53572579
466.8,23.51960642
466.9,23.50349834
467,23.48740152
467.1,23.47131597
467.2,23.45524168
467.3,23.43917863
467.4,23.42312682
467.5,23.40708625
467.6,23.3910569
467.7,23.37503877
467.8,23.35903184
467.9,23.34303612
468,23.32705159
468.1,23.31107825
468.2,23.29511608
468.3,23.27916508
468.4,23.26322525
468.5,23.24729656
468.6,23.23137903
468.7,23.21547263
468.8,23.19957736
468.9,23.18369322
469,23.16782019
469.1,23.15195827
469.2,23.13610745
469.3,23.12026772
469.4,23.10443907
469.5,23.0886215
469.6,23.072815
469.7,23.05701955
469.8,23.04123517
469.9,23.02546182
470,23.00969952
470.1,22.99394824
470.2,22.97820799
470.3,22.96247875
470.4,22.94676051
470.5,22.93105328
470.6,22.91535704
470.7,22.89967178
470.8,22.88399749
470.9,22.86833418
471,22.85268182
471.1,22.83704042
471.2,22.82140996
471.3,22.80579044
471.4,22.79018185
471.5,22.77458419
471.6,22.75899743
471.7,22.74342159
471.8,22.72785664
471.9,22.71230259
472,22.69675942
472.1,22.68122712
472.2,22.66570569
472.3,22.65019513
472.4,22.63469542
472.5,22.61920655
472.6,22.60372853
472.7,22.58826133
472.8,22.57280496
472.9,22.5573594
473,22.54192465
473.1,22.52650071
473.2,22.51108755
473.3,22.49568518
473.4,22.48029359
473.5,22.46491277
473.6,22.44954271
473.7,22.4341834
473.8,22.41883485
473.9,22.40349703
474,22.38816995
474.1,22.37285359
474.2,22.35754795
474.3,22.34225302
474.4,22.3269688
474.5,22.31169526
474.6,22.29643242
474.7,22.28118026
474.8,22.26593877
474.9,22.25070794
475,22.23548777
475.1,22.22027825
475.2,22.20507938
475.3,22.18989114
475.4,22.17471353
475.5,22.15954654
475.6,22.14439016
475.7,22.12924439
475.8,22.11410922
475.9,22.09898463
476,22.08387064
476.1,22.06876721
476.2,22.05367436
476.3,22.03859207
476.4,22.02352033
476.5,22.00845914
476.6,21.99340848
476.7,21.97836836
476.8,21.96333876
476.9,21.94831969
477,21.93331111
477.1,21.91831305
477.2,21.90332547
477.3,21.88834839
477.4,21.87338178
477.5,21.85842565
477.6,21.84347999
477.7,21.82854478
477.8,21.81362002
477.9,21.79870571
478,21.78380183
478.1,21.76890838
478.2,21.75402536
478.3,21.73915274
478.4,21.72429054
478.5,21.70943874
478.6,21.69459732
478.7,21.6797663
478.8,21.66494565
478.9,21.65013537
479,21.63533546
479.1,21.6205459
479.2,21.60576669
479.3,21.59099782
479.4,21.57623929
479.5,21.56149108
479.6,21.5467532
479.7,21.53202563
479.8,21.51730836
479.9,21.50260139
480,21.48790472
480.1,21.47321832
480.2,21.45854221
480.3,21.44387636
480.4,21.42922078
480.5,21.41457545
480.6,21.39994037
480.7,21.38531553
480.8,21.37070093
480.9,21.35609655
481,21.34150239
481.1,21.32691844
481.2,21.3123447
481.3,21.29778116
481.4,21.28322781
481.5,21.26868464
481.6,21.25415165
481.7,21.23962882
481.8,21.22511616
481.9,21.21061366
482,21.1961213
482.1,21.18163909
482.2,21.167167
482.3,21.15270505
482.4,21.13825321
482.5,21.12381149
482.6,21.10937988
482.7,21.09495836
482.8,21.08054693
482.9,21.06614559
483,21.05175433
483.1,21.03737313
483.2,21.023002
483.3,21.00864093
483.4,20.9942899
483.5,20.97994892
483.6,20.96561797
483.7,20.95129705
483.8,20.93698615
483.9,20.92268527
484,20.90839439
484.1,20.89411351
484.2,20.87984263
484.3,20.86558173
484.4,20.85133081
484.5,20.83708987
484.6,20.82285888
484.7,20.80863786
484.8,20.79442679
484.9,20.78022566
485,20.76603447
485.1,20.75185321
485.2,20.73768187
485.3,20.72352045
485.4,20.70936894
485.5,20.69522733
485.6,20.68109562
485.7,20.6669738
485.8,20.65286186
485.9,20.63875979
486,20.62466759
486.1,20.61058525
486.2,20.59651277
486.3,20.58245013
486.4,20.56839734
486.5,20.55435437
486.6,20.54032124
486.7,20.52629792
486.8,20.51228442
486.9,20.49828072
487,20.48428682
487.1,20.47030272
487.2,20.4563284
487.3,20.44236386
487.4,20.42840909
487.5,20.41446408
487.6,20.40052883
487.7,20.38660334
487.8,20.37268759
487.9,20.35878157
488,20.34488529
488.1,20.33099873
488.2,20.31712189
488.3,20.30325476
488.4,20.28939733
488.5,20.2755496
488.6,20.26171156
488.7,20.2478832
488.8,20.23406452
488.9,20.22025551
489,20.20645616
489.1,20.19266647
489.2,20.17888643
489.3,20.16511603
489.4,20.15135526
489.5,20.13760413
489.6,20.12386261
489.7,20.11013072
489.8,20.09640843
489.9,20.08269574
490,20.06899265
490.1,20.05529915
490.2,20.04161523
490.3,20.02794089
490.4,20.01427611
490.5,20.0006209
490.6,19.98697524
490.7,19.97333913
490.8,19.95971256
490.9,19.94609553
491,19.93248803
491.1,19.91889004
491.2,19.90530158
491.3,19.89172262
491.4,19.87815316
491.5,19.8645932
491.6,19.85104273
491.7,19.83750174
491.8,19.82397023
491.9,19.81044818
492,19.7969356
492.1,19.78343247
492.2,19.76993879
492.3,19.75645455
492.4,19.74297975
492.5,19.72951438
492.6,19.71605843
492.7,19.70261189
492.8,19.68917477
492.9,19.67574705
493,19.66232872
493.1,19.64891979
493.2,19.63552023
493.3,19.62213005
493.4,19.60874925
493.5,19.5953778
493.6,19.58201572
493.7,19.56866298
493.8,19.55531959
493.9,19.54198553
494,19.5286608
494.1,19.5153454
494.2,19.50203932
494.3,19.48874255
494.4,19.47545508
494.5,19.46217691
494.6,19.44890803
494.7,19.43564843
494.8,19.42239812
494.9,19.40915707
495,19.39592529
495.1,19.38270278
495.2,19.36948951
495.3,19.35628549
495.4,19.34309071
495.5,19.32990516
495.6,19.31672884
495.7,19.30356174
495.8,19.29040385
495.9,19.27725517
496,19.26411569
496.1,19.2509854
496.2,19.23786431
496.3,19.22475239
496.4,19.21164965
496.5,19.19855608
496.6,19.18547167
496.7,19.17239642
496.8,19.15933031
496.9,19.14627335
497,19.13322553
497.1,19.12018684
497.2,19.10715727
497.3,19.09413681
497.4,19.08112547
497.5,19.06812324
497.6,19.0551301
497.7,19.04214605
497.8,19.02917109
497.9,19.01620521
498,19.0032484
498.1,18.99030066
498.2,18.97736198
498.3,18.96443235
498.4,18.95151177
498.5,18.93860023
498.6,18.92569773
498.7,18.91280425
498.8,18.8999198
498.9,18.88704436
499,18.87417794
499.1,18.86132051
499.2,18.84847209
499.3,18.83563265
499.4,18.8228022
499.5,18.80998072
499.6,18.79716822
499.7,18.78436469
499.8,18.77157011
499.9,18.75878449
500,18.74600781
500.1,18.73324007
500.2,18.72048127
500.3,18.7077314
500.4,18.69499045
500.5,18.68225841
500.6,18.66953528
500.7,18.65682106
500.8,18.64411573
500.9,18.63141929
501,18.61873174
501.1,18.60605307
501.2,18.59338326
501.3,18.58072233
501.4,18.56807025
501.5,18.55542703
501.6,18.54279265
501.7,18.53016712
501.8,18.51755042
501.9,18.50494254
502,18.49234349
502.1,18.47975326
502.2,18.46717184
502.3,18.45459922
502.4,18.4420354
502.5,18.42948037
502.6,18.41693412
502.7,18.40439666
502.8,18.39186796
502.9,18.37934804
503,18.36683687
503.1,18.35433447
503.2,18.3418408
503.3,18.32935589
503.4,18.3168797
503.5,18.30441225
503.6,18.29195353
503.7,18.27950352
503.8,18.26706222
503.9,18.25462963
504,18.24220573
504.1,18.22979054
504.2,18.21738403
504.3,18.2049862
504.4,18.19259704
504.5,18.18021656
504.6,18.16784474
504.7,18.15548157
504.8,18.14312706
504.9,18.13078119
505,18.11844397
505.1,18.10611537
505.2,18.0937954
505.3,18.08148406
505.4,18.06918132
505.5,18.0568872
505.6,18.04460168
505.7,18.03232476
505.8,18.02005642
505.9,18.00779667
506,17.9955455
506.1,17.98330291
506.2,17.97106888
506.3,17.95884341
506.4,17.9466265
506.5,17.93441813
506.6,17.92221831
506.7,17.91002702
506.8,17.89784427
506.9,17.88567004
507,17.87350433
507.1,17.86134713
507.2,17.84919844
507.3,17.83705825
507.4,17.82492656
507.5,17.81280335
507.6,17.80068863
507.7,17.78858239
507.8,17.77648461
507.9,17.76439531
508,17.75231446
508.1,17.74024206
508.2,17.72817812
508.3,17.71612261
508.4,17.70407554
508.5,17.6920369
508.6,17.68000669
508.7,17.66798489
508.8,17.65597151
508.9,17.64396653
509,17.63196995
509.1,17.61998177
509.2,17.60800198
509.3,17.59603057
509.4,17.58406753
509.5,17.57211287
509.6,17.56016657
509.7,17.54822863
509.8,17.53629905
509.9,17.52437781
510,17.51246492
510.1,17.50056036
510.2,17.48866413
510.3,17.47677623
510.4,17.46489664
510.5,17.45302537
510.6,17.44116241
510.7,17.42930774
510.8,17.41746137
510.9,17.4056233
511,17.3937935
511.1,17.38197198
511.2,17.37015874
511.3,17.35835376
511.4,17.34655704
511.5,17.33476858
511.6,17.32298836
511.7,17.31121639
511.8,17.29945266
511.9,17.28769716
512,17.27594988
512.1,17.26421082
512.2,17.25247998
512.3,17.24075735
512.4,17.22904292
512.5,17.21733669
512.6,17.20563865
512.7,17.19394879
512.8,17.18226712
512.9,17.17059362
513,17.15892828
513.1,17.14727111
513.2,17.1356221
513.3,17.12398124
513.4,17.11234853
513.5,17.10072395
513.6,17.08910751
513.7,17.0774992
513.8,17.06589901
513.9,17.05430694
514,17.04272298
514.1,17.03114712
514.2,17.01957937
514.3,17.00801971
514.4,16.99646814
514.5,16.98492465
514.6,16.97338924
514.7,16.96186191
514.8,16.95034264
514.9,16.93883143
515,16.92732827
515.1,16.91583316
515.2,16.9043461
515.3,16.89286708
515.4,16.88139609
515.5,16.86993312
515.6,16.85847818
515.7,16.84703125
515.8,16.83559233
515.9,16.82416142
516,16.8127385
516.1,16.80132358
516.2,16.78991665
516.3,16.7785177
516.4,16.76712672
516.5,16.75574372
516.6,16.74436868
516.7,16.7330016
516.8,16.72164248
516.9,16.7102913
517,16.69894807
517.1,16.68761277
517.2,16.67628541
517.3,16.66496597
517.4,16.65365445
517.5,16.64235085
517.6,16.63105516
517.7,16.61976737
517.8,16.60848748
517.9,16.59721549
518,16.58595138
518.1,16.57469515
518.2,16.5634468
518.3,16.55220633
518.4,16.54097371
518.5,16.52974896
518.6,16.51853206
518.7,16.50732301
518.8,16.49612181
518.9,16.48492844
519,16.47374291
519.1,16.4625652
519.2,16.45139531
519.3,16.44023325
519.4,16.42907899
519.5,16.41793253
519.6,16.40679388
519.7,16.39566302
519.8,16.38453995
519.9,16.37342466
520,16.36231715
520.1,16.35121742
520.2,16.34012545
520.3,16.32904124
520.4,16.31796479
520.5,16.30689609
520.6,16.29583513
520.7,16.28478191
520.8,16.27373643
520.9,16.26269868
521,16.25166865
521.1,16.24064634
521.2,16.22963175
521.3,16.21862486
521.4,16.20762567
521.5,16.19663418
521.6,16.18565038
521.7,16.17467427
521.8,16.16370584
521.9,16.15274508
522,16.14179199
522.1,16.13084657
522.2,16.1199088
522.3,16.10897869
522.4,16.09805623
522.5,16.08714141
522.6,16.07623423
522.7,16.06533468
522.8,16.05444276
522.9,16.04355846
523,16.03268178
523.1,16.02181271
523.2,16.01095124
523.3,16.00009737
523.4,15.9892511
523.5,15.97841242
523.6,15.96758132
523.7,15.9567578
523.8,15.94594186
523.9,15.93513348
524,15.92433267
524.1,15.91353941
524.2,15.90275371
524.3,15.89197556
524.4,15.88120495
524.5,15.87044187
524.6,15.85968632
524.7,15.84893831
524.8,15.83819781
524.9,15.82746483
525,15.81673936
525.1,15.80602139
525.2,15.79531093
525.3,15.78460795
525.4,15.77391247
525.5,15.76322447
525.6,15.75254396
525.7,15.74187091
525.8,15.73120534
525.9,15.72054722
526,15.70989657
526.1,15.69925337
526.2,15.68861761
526.3,15.6779893
526.4,15.66736842
526.5,15.65675498
526.6,15.64614897
526.7,15.63555037
526.8,15.62495919
526.9,15.61437543
527,15.60379907
527.1,15.59323011
527.2,15.58266854
527.3,15.57211437
527.4,15.56156758
527.5,15.55102817
527.6,15.54049614
527.7,15.52997148
527.8,15.51945418
527.9,15.50894424
528,15.49844165
528.1,15.48794642
528.2,15.47745853
528.3,15.46697797
528.4,15.45650476
528.5,15.44603887
528.6,15.4355803
528.7,15.42512905
528.8,15.41468512
528.9,15.40424849
529,15.39381917
529.1,15.38339714
529.2,15.37298241
529.3,15.36257497
529.4,15.3521748
529.5,15.34178192
529.6,15.33139631
529.7,15.32101796
529.8,15.31064688
529.9,15.30028306
530,15.28992648
530.1,15.27957716
530.2,15.26923507
530.3,15.25890023
530.4,15.24857261
530.5,15.23825222
530.6,15.22793906
530.7,15.21763311
530.8,15.20733437
530.9,15.19704284
531,15.18675851
531.1,15.17648137
531.2,15.16621143
531.3,15.15594867
531.4,15.1456931
531.5,15.1354447
531.6,15.12520348
531.7,15.11496942
531.8,15.10474252
531.9,15.09452278
532,15.08431018
532.1,15.07410474
532.2,15.06390644
532.3,15.05371527
532.4,15.04353123
532.5,15.03335432
532.6,15.02318454
532.7,15.01302186
532.8,15.0028663
532.9,14.99271785
533,14.9825765
533.1,14.97244224
533.2,14.96231508
533.3,14.952195
533.4,14.942082
533.5,14.93197608
533.6,14.92187723
533.7,14.91178545
533.8,14.90170073
533.9,14.89162307
534,14.88155246
534.1,14.87148889
534.2,14.86143237
534.3,14.85138289
534.4,14.84134043
534.5,14.83130501
534.6,14.8212766
534.7,14.81125522
534.8,14.80124085
534.9,14.79123348
535,14.78123312
535.1,14.77123975
535.2,14.76125338
535.3,14.751274
535.4,14.74130159
535.5,14.73133617
535.6,14.72137772
535.7,14.71142624
535.8,14.70148172
535.9,14.69154417
536,14.68161356
536.1,14.67168991
536.2,14.66177319
536.3,14.65186342
536.4,14.64196058
536.5,14.63206467
536.6,14.62217569
536.7,14.61229363
536.8,14.60241848
536.9,14.59255024
537,14.58268891
537.1,14.57283447
537.2,14.56298694
537.3,14.55314629
537.4,14.54331253
537.5,14.53348565
537.6,14.52366565
537.7,14.51385252
537.8,14.50404625
537.9,14.49424685
538,14.48445431
538.1,14.47466861
538.2,14.46488977
538.3,14.45511777
538.4,14.4453526
538.5,14.43559427
538.6,14.42584277
538.7,14.41609809
538.8,14.40636023
538.9,14.39662918
539,14.38690495
539.1,14.37718752
539.2,14.36747688
539.3,14.35777305
539.4,14.348076
539.5,14.33838574
539.6,14.32870226
539.7,14.31902555
539.8,14.30935562
539.9,14.29969245
540,14.29003605
540.1,14.2803864
540.2,14.27074351
540.3,14.26110736
540.4,14.25147795
540.5,14.24185529
540.6,14.23223936
540.7,14.22263015
540.8,14.21302767
540.9,14.20343191
541,14.19384287
541.1,14.18426053
541.2,14.1746849
541.3,14.16511597
541.4,14.15555374
541.5,14.14599819
541.6,14.13644934
541.7,14.12690716
541.8,14.11737166
541.9,14.10784284
542,14.09832068
542.1,14.08880519
542.2,14.07929635
542.3,14.06979417
542.4,14.06029864
542.5,14.05080975
542.6,14.04132751
542.7,14.03185189
542.8,14.02238291
542.9,14.01292056
543,14.00346482
543.1,13.9940157
543.2,13.9845732
543.3,13.9751373
543.4,13.965708
543.5,13.95628531
543.6,13.9468692
543.7,13.93745969
543.8,13.92805676
543.9,13.91866041
544,13.90927063
544.1,13.89988743
544.2,13.89051079
544.3,13.88114071
544.4,13.87177719
544.5,13.86242022
544.6,13.8530698
544.7,13.84372592
544.8,13.83438858
544.9,13.82505778
545,13.8157335
545.1,13.80641575
545.2,13.79710452
545.3,13.7877998
545.4,13.77850159
545.5,13.7692099
545.6,13.7599247
545.7,13.750646
545.8,13.74137379
545.9,13.73210807
546,13.72284884
546.1,13.71359609
546.2,13.7043498
546.3,13.69510999
546.4,13.68587665
546.5,13.67664977
546.6,13.66742934
546.7,13.65821536
546.8,13.64900783
546.9,13.63980675
547,13.6306121
547.1,13.62142389
547.2,13.61224211
547.3,13.60306675
547.4,13.59389781
547.5,13.58473529
547.6,13.57557918
547.7,13.56642948
547.8,13.55728618
547.9,13.54814928
548,13.53901877
548.1,13.52989465
548.2,13.52077692
548.3,13.51166556
548.4,13.50256058
548.5,13.49346197
548.6,13.48436973
548.7,13.47528386
548.8,13.46620434
548.9,13.45713117
549,13.44806435
549.1,13.43900388
549.2,13.42994974
549.3,13.42090195
549.4,13.41186048
549.5,13.40282534
549.6,13.39379652
549.7,13.38477402
549.8,13.37575784
549.9,13.36674796
550,13.35774439
550.1,13.34874712
550.2,13.33975614
550.3,13.33077146
550.4,13.32179306
550.5,13.31282094
550.6,13.30385511
550.7,13.29489555
550.8,13.28594225
550.9,13.27699523
551,13.26805446
551.1,13.25911995
551.2,13.25019169
551.3,13.24126968
551.4,13.23235391
551.5,13.22344438
551.6,13.21454109
551.7,13.20564402
551.8,13.19675318
551.9,13.18786857
552,13.17899017
552.1,13.17011798
552.2,13.161252
552.3,13.15239222
552.4,13.14353865
552.5,13.13469127
552.6,13.12585008
552.7,13.11701508
552.8,13.10818626
552.9,13.09936362
553,13.09054715
553.1,13.08173685
553.2,13.07293271
553.3,13.06413474
553.4,13.05534292
553.5,13.04655726
553.6,13.03777774
553.7,13.02900437
553.8,13.02023713
553.9,13.01147604
554,13.00272107
554.1,12.99397222
554.2,12.9852295
554.3,12.9764929
554.4,12.96776241
554.5,12.95903803
554.6,12.95031976
554.7,12.94160758
554.8,12.93290151
554.9,12.92420152
555,12.91550762
555.1,12.90681981
555.2,12.89813807
555.3,12.88946241
555.4,12.88079282
555.5,12.8721293
555.6,12.86347184
555.7,12.85482044
555.8,12.84617509
555.9,12.83753579
556,12.82890254
556.1,12.82027533
556.2,12.81165415
556.3,12.80303901
556.4,12.7944299
556.5,12.78582681
556.6,12.77722974
556.7,12.76863868
556.8,12.76005364
556.9,12.75147461
557,12.74290158
557.1,12.73433454
557.2,12.72577351
557.3,12.71721846
557.4,12.7086694
557.5,12.70012632
557.6,12.69158922
557.7,12.6830581
557.8,12.67453294
557.9,12.66601375
558,12.65750052
558.1,12.64899325
558.2,12.64049193
558.3,12.63199656
558.4,12.62350713
558.5,12.61502364
558.6,12.6065461
558.7,12.59807448
558.8,12.58960879
558.9,12.58114902
559,12.57269518
559.1,12.56424725
559.2,12.55580523
559.3,12.54736912
559.4,12.53893891
559.5,12.53051461
559.6,12.52209619
559.7,12.51368367
559.8,12.50527703
559.9,12.49687628
560,12.48848141
560.1,12.48009241
560.2,12.47170927
560.3,12.46333201
560.4,12.45496061
560.5,12.44659506
560.6,12.43823537
560.7,12.42988153
560.8,12.42153354
560.9,12.41319139
561,12.40485507
561.1,12.39652459
561.2,12.38819993
561.3,12.37988111
561.4,12.3715681
561.5,12.36326091
561.6,12.35495953
561.7,12.34666396
561.8,12.3383742
561.9,12.33009024
562,12.32181207
562.1,12.3135397
562.2,12.30527312
562.3,12.29701232
562.4,12.2887573
562.5,12.28050806
562.6,12.27226459
562.7,12.26402688
562.8,12.25579495
562.9,12.24756877
563,12.23934835
563.1,12.23113368
563.2,12.22292476
563.3,12.21472158
563.4,12.20652415
563.5,12.19833245
563.6,12.19014648
563.7,12.18196624
563.8,12.17379173
563.9,12.16562293
564,12.15745985
564.1,12.14930249
564.2,12.14115083
564.3,12.13300488
564.4,12.12486462
564.5,12.11673006
564.6,12.1086012
564.7,12.10047802
564.8,12.09236053
564.9,12.08424871
565,12.07614258
565.1,12.06804211
565.2,12.05994732
565.3,12.05185819
565.4,12.04377471
565.5,12.0356969
565.6,12.02762474
565.7,12.01955822
565.8,12.01149736
565.9,12.00344213
566,11.99539253
566.1,11.98734858
566.2,11.97931025
566.3,11.97127754
566.4,11.96325046
566.5,11.95522899
566.6,11.94721313
566.7,11.93920289
566.8,11.93119825
566.9,11.92319921
567,11.91520577
567.1,11.90721792
567.2,11.89923566
567.3,11.89125899
567.4,11.8832879
567.5,11.87532238
567.6,11.86736245
567.7,11.85940808
567.8,11.85145927
567.9,11.84351603
568,11.83557835
568.1,11.82764622
568.2,11.81971964
568.3,11.81179861
568.4,11.80388312
568.5,11.79597317
568.6,11.78806876
568.7,11.78016988
568.8,11.77227652
568.9,11.76438869
569,11.75650638
569.1,11.74862958
569.2,11.74075829
569.3,11.73289252
569.4,11.72503224
569.5,11.71717747
569.6,11.70932819
569.7,11.70148441
569.8,11.69364611
569.9,11.6858133
570,11.67798597
570.1,11.67016412
570.2,11.66234774
570.3,11.65453683
570.4,11.64673139
570.5,11.63893141
570.6,11.63113688
570.7,11.62334781
570.8,11.6155642
570.9,11.60778602
571,11.60001329
571.1,11.592246
571.2,11.58448415
571.3,11.57672772
571.4,11.56897673
571.5,11.56123116
571.6,11.553491
571.7,11.54575627
571.8,11.53802694
571.9,11.53030303
572,11.52258452
572.1,11.51487141
572.2,11.5071637
572.3,11.49946138
572.4,11.49176445
572.5,11.48407291
572.6,11.47638675
572.7,11.46870596
572.8,11.46103056
572.9,11.45336052
573,11.44569585
573.1,11.43803654
573.2,11.4303826
573.3,11.42273401
573.4,11.41509077
573.5,11.40745288
573.6,11.39982033
573.7,11.39219313
573.8,11.38457126
573.9,11.37695473
574,11.36934352
574.1,11.36173765
574.2,11.35413709
574.3,11.34654185
574.4,11.33895193
574.5,11.33136732
574.6,11.32378801
574.7,11.31621401
574.8,11.30864531
574.9,11.30108191
575,11.2935238
575.1,11.28597098
575.2,11.27842344
575.3,11.27088118
575.4,11.2633442
575.5,11.2558125
575.6,11.24828606
575.7,11.2407649
575.8,11.23324899
575.9,11.22573835
576,11.21823296
576.1,11.21073282
576.2,11.20323793
576.3,11.19574828
576.4,11.18826388
576.5,11.18078471
576.6,11.17331078
576.7,11.16584208
576.8,11.1583786
576.9,11.15092035
577,11.14346731
577.1,11.13601949
577.2,11.12857688
577.3,11.12113948
577.4,11.11370729
577.5,11.10628029
577.6,11.09885849
577.7,11.09144189
577.8,11.08403047
577.9,11.07662424
578,11.0692232
578.1,11.06182733
578.2,11.05443664
578.3,11.04705112
578.4,11.03967077
578.5,11.03229558
578.6,11.02492555
578.7,11.01756068
578.8,11.01020096
578.9,11.0028464
579,10.99549698
579.1,10.9881527
579.2,10.98081356
579.3,10.97347956
579.4,10.96615069
579.5,10.95882695
579.6,10.95150833
579.7,10.94419484
579.8,10.93688646
579.9,10.92958319
580,10.92228504
580.1,10.91499199
580.2,10.90770405
580.3,10.90042121
580.4,10.89314346
580.5,10.8858708
580.6,10.87860324
580.7,10.87134076
580.8,10.86408336
580.9,10.85683104
581,10.8495838
581.1,10.84234162
581.2,10.83510452
581.3,10.82787247
581.4,10.82064549
581.5,10.81342357
581.6,10.8062067
581.7,10.79899488
581.8,10.79178811
581.9,10.78458637
582,10.77738968
582.1,10.77019803
582.2,10.76301141
582.3,10.75582981
582.4,10.74865324
582.5,10.7414817
582.6,10.73431517
582.7,10.72715365
582.8,10.71999715
582.9,10.71284566
583,10.70569917
583.1,10.69855768
583.2,10.69142118
583.3,10.68428968
583.4,10.67716318
583.5,10.67004166
583.6,10.66292512
583.7,10.65581356
583.8,10.64870698
583.9,10.64160537
584,10.63450873
584.1,10.62741705
584.2,10.62033034
584.3,10.61324859
584.4,10.60617179
584.5,10.59909995
584.6,10.59203305
584.7,10.5849711
584.8,10.57791409
584.9,10.57086202
585,10.56381488
585.1,10.55677268
585.2,10.5497354
585.3,10.54270305
585.4,10.53567562
585.5,10.5286531
585.6,10.5216355
585.7,10.51462281
585.8,10.50761503
585.9,10.50061215
586,10.49361417
586.1,10.48662109
586.2,10.4796329
586.3,10.4726496
586.4,10.46567119
586.5,10.45869766
586.6,10.45172901
586.7,10.44476524
586.8,10.43780634
586.9,10.43085231
587,10.42390314
587.1,10.41695884
587.2,10.4100194
587.3,10.40308481
587.4,10.39615508
587.5,10.3892302
587.6,10.38231016
587.7,10.37539496
587.8,10.3684846
587.9,10.36157908
588,10.35467839
588.1,10.34778253
588.2,10.34089149
588.3,10.33400528
588.4,10.32712389
588.5,10.32024731
588.6,10.31337554
588.7,10.30650858
588.8,10.29964643
588.9,10.29278907
589,10.28593652
589.1,10.27908876
589.2,10.27224579
589.3,10.26540762
589.4,10.25857422
589.5,10.25174561
589.6,10.24492178
589.7,10.23810272
589.8,10.23128843
589.9,10.22447891
590,10.21767416
590.1,10.21087417
590.2,10.20407894
590.3,10.19728846
590.4,10.19050273
590.5,10.18372175
590.6,10.17694552
590.7,10.17017403
590.8,10.16340727
590.9,10.15664526
591,10.14988797
591.1,10.14313541
591.2,10.13638758
591.3,10.12964447
591.4,10.12290608
591.5,10.1161724
591.6,10.10944343
591.7,10.10271918
591.8,10.09599963
591.9,10.08928478
592,10.08257463
592.1,10.07586917
592.2,10.06916841
592.3,10.06247233
592.4,10.05578095
592.5,10.04909424
592.6,10.04241221
592.7,10.03573486
592.8,10.02906218
592.9,10.02239417
593,10.01573083
593.1,10.00907215
593.2,10.00241813
593.3,9.995768762
593.4,9.98912405
593.5,9.982483988
593.6,9.975848571
593.7,9.969217798
593.8,9.962591665
593.9,9.955970169
594,9.949353306
594.1,9.942741073
594.2,9.936133468
594.3,9.929530485
594.4,9.922932124
594.5,9.916338379
594.6,9.909749249
594.7,9.903164729
594.8,9.896584817
594.9,9.890009509
595,9.883438803
595.1,9.876872694
595.2,9.87031118
595.3,9.863754257
595.4,9.857201923
595.5,9.850654174
595.6,9.844111006
595.7,9.837572417
595.8,9.831038404
595.9,9.824508962
596,9.81798409
596.1,9.811463784
596.2,9.80494804
596.3,9.798436855
596.4,9.791930227
596.5,9.785428152
596.6,9.778930627
596.7,9.772437648
596.8,9.765949213
596.9,9.759465318
597,9.75298596
597.1,9.746511137
597.2,9.740040844
597.3,9.733575078
597.4,9.727113837
597.5,9.720657118
597.6,9.714204916
597.7,9.70775723
597.8,9.701314055
597.9,9.694875389
598,9.688441229
598.1,9.68201157
598.2,9.675586411
598.3,9.669165748
598.4,9.662749578
598.5,9.656337898
598.6,9.649930704
598.7,9.643527994
598.8,9.637129764
598.9,9.630736011
599,9.624346732
599.1,9.617961925
599.2,9.611581585
599.3,9.605205709
599.4,9.598834296
599.5,9.59246734
599.6,9.58610484
599.7,9.579746793
599.8,9.573393194
599.9,9.567044041
600,9.560699331
600.1,9.554359061
600.2,9.548023227
600.3,9.541691827
600.4,9.535364858
600.5,9.529042316
600.6,9.522724198
600.7,9.516410501
600.8,9.510101222
600.9,9.503796358
601,9.497495906
601.1,9.491199863
601.2,9.484908225
601.3,9.47862099
601.4,9.472338155
601.5,9.466059716
601.6,9.45978567
601.7,9.453516015
601.8,9.447250747
601.9,9.440989863
602,9.43473336
602.1,9.428481235
602.2,9.422233485
602.3,9.415990107
602.4,9.409751098
602.5,9.403516454
602.6,9.397286174
602.7,9.391060253
602.8,9.384838688
602.9,9.378621478
603,9.372408617
603.1,9.366200105
603.2,9.359995936
603.3,9.353796109
603.4,9.347600621
603.5,9.341409467
603.6,9.335222646
603.7,9.329040155
603.8,9.322861989
603.9,9.316688147
604,9.310518625
604.1,9.30435342
604.2,9.298192529
604.3,9.292035949
604.4,9.285883678
604.5,9.279735711
604.6,9.273592047
604.7,9.267452681
604.8,9.261317612
604.9,9.255186836
605,9.249060349
605.1,9.24293815
605.2,9.236820235
605.3,9.230706601
605.4,9.224597245
605.5,9.218492164
605.6,9.212391355
605.7,9.206294815
605.8,9.200202541
605.9,9.19411453
606,9.18803078
606.1,9.181951286
606.2,9.175876047
606.3,9.169805059
606.4,9.163738319
606.5,9.157675824
606.6,9.151617571
606.7,9.145563558
606.8,9.139513782
606.9,9.133468238
607,9.127426925
607.1,9.121389839
607.2,9.115356978
607.3,9.109328339
607.4,9.103303918
607.5,9.097283712
607.6,9.091267719
607.7,9.085255936
607.8,9.07924836
607.9,9.073244988
608,9.067245816
608.1,9.061250843
608.2,9.055260064
608.3,9.049273477
608.4,9.04329108
608.5,9.037312869
608.6,9.031338841
608.7,9.025368994
608.8,9.019403324
608.9,9.013441828
609,9.007484504
609.1,9.001531349
609.2,8.995582359
609.3,8.989637532
609.4,8.983696866
609.5,8.977760356
609.6,8.971828
609.7,8.965899796
609.8,8.95997574
609.9,8.954055829
610,8.94814006
610.1,8.942228432
610.2,8.93632094
610.3,8.930417581
610.4,8.924518354
610.5,8.918623255
610.6,8.912732281
610.7,8.906845429
610.8,8.900962696
610.9,8.89508408
611,8.889209577
611.1,8.883339185
611.2,8.877472901
611.3,8.871610722
611.4,8.865752646
611.5,8.859898668
611.6,8.854048786
611.7,8.848202999
611.8,8.842361301
611.9,8.836523692
612,8.830690167
612.1,8.824860725
612.2,8.819035361
612.3,8.813214074
612.4,8.807396861
612.5,8.801583718
612.6,8.795774642
612.7,8.789969632
612.8,8.784168684
612.9,8.778371795
613,8.772578962
613.1,8.766790184
613.2,8.761005455
613.3,8.755224775
613.4,8.74944814
613.5,8.743675547
613.6,8.737906993
613.7,8.732142476
613.8,8.726381993
613.9,8.72062554
614,8.714873116
614.1,8.709124717
614.2,8.70338034
614.3,8.697639983
614.4,8.691903643
614.5,8.686171317
614.6,8.680443003
614.7,8.674718696
614.8,8.668998395
614.9,8.663282098
615,8.6575698
615.1,8.651861499
615.2,8.646157193
615.3,8.640456878
615.4,8.634760552
615.5,8.629068212
615.6,8.623379856
615.7,8.617695479
615.8,8.612015081
615.9,8.606338657
616,8.600666206
616.1,8.594997724
616.2,8.589333208
616.3,8.583672656
616.4,8.578016066
616.5,8.572363433
616.6,8.566714756
616.7,8.561070031
616.8,8.555429257
616.9,8.54979243
617,8.544159547
617.1,8.538530605
617.2,8.532905603
617.3,8.527284536
617.4,8.521667404
617.5,8.516054201
617.6,8.510444927
617.7,8.504839577
617.8,8.49923815
617.9,8.493640643
618,8.488047053
618.1,8.482457376
618.2,8.476871611
618.3,8.471289755
618.4,8.465711805
618.5,8.460137758
618.6,8.454567611
618.7,8.449001362
618.8,8.443439008
618.9,8.437880547
619,8.432325975
619.1,8.426775289
619.2,8.421228488
619.3,8.415685569
619.4,8.410146528
619.5,8.404611362
619.6,8.399080071
619.7,8.393552649
619.8,8.388029096
619.9,8.382509408
620,8.376993582
620.1,8.371481616
620.2,8.365973507
620.3,8.360469252
620.4,8.354968849
620.5,8.349472295
620.6,8.343979587
620.7,8.338490723
620.8,8.333005699
620.9,8.327524514
621,8.322047164
621.1,8.316573647
621.2,8.31110396
621.3,8.3056381
621.4,8.300176066
621.5,8.294717853
621.6,8.28926346
621.7,8.283812883
621.8,8.278366121
621.9,8.27292317
622,8.267484027
622.1,8.262048691
622.2,8.256617158
622.3,8.251189426
622.4,8.245765492
622.5,8.240345354
622.6,8.234929008
622.7,8.229516452
622.8,8.224107684
622.9,8.218702701
623,8.213301499
623.1,8.207904078
623.2,8.202510433
623.3,8.197120562
623.4,8.191734463
623.5,8.186352133
623.6,8.180973569
623.7,8.175598769
623.8,8.17022773
623.9,8.164860449
624,8.159496925
624.1,8.154137153
624.2,8.148781132
624.3,8.143428858
624.4,8.13808033
624.5,8.132735545
624.6,8.1273945
624.7,8.122057192
624.8,8.116723619
624.9,8.111393778
625,8.106067667
625.1,8.100745282
625.2,8.095426622
625.3,8.090111684
625.4,8.084800465
625.5,8.079492963
625.6,8.074189174
625.7,8.068889097
625.8,8.063592729
625.9,8.058300066
626,8.053011108
626.1,8.04772585
626.2,8.042444291
626.3,8.037166427
626.4,8.031892257
626.5,8.026621777
626.6,8.021354985
626.7,8.016091879
626.8,8.010832456
626.9,8.005576713
627,8.000324648
627.1,7.995076257
627.2,7.98983154
627.3,7.984590492
627.4,7.979353112
627.5,7.974119397
627.6,7.968889344
627.7,7.963662951
627.8,7.958440215
627.9,7.953221134
628,7.948005705
628.1,7.942793925
628.2,7.937585793
628.3,7.932381304
628.4,7.927180458
628.5,7.921983251
628.6,7.916789681
628.7,7.911599744
628.8,7.90641344
628.9,7.901230765
629,7.896051716
629.1,7.890876292
629.2,7.885704488
629.3,7.880536304
629.4,7.875371737
629.5,7.870210783
629.6,7.865053441
629.7,7.859899707
629.8,7.85474958
629.9,7.849603057
630,7.844460135
630.1,7.839320812
630.2,7.834185085
630.3,7.829052952
630.4,7.82392441
630.5,7.818799457
630.6,7.81367809
630.7,7.808560307
630.8,7.803446105
630.9,7.798335482
631,7.793228435
631.1,7.788124961
631.2,7.783025059
631.3,7.777928725
631.4,7.772835958
631.5,7.767746754
631.6,7.762661111
631.7,7.757579028
631.8,7.7525005
631.9,7.747425526
632,7.742354103
632.1,7.737286229
632.2,7.732221902
632.3,7.727161118
632.4,7.722103875
632.5,7.717050172
632.6,7.712000004
632.7,7.706953371
632.8,7.701910269
632.9,7.696870696
633,7.691834649
633.1,7.686802126
633.2,7.681773125
633.3,7.676747643
633.4,7.671725678
633.5,7.666707226
633.6,7.661692287
633.7,7.656680856
633.8,7.651672933
633.9,7.646668513
634,7.641667596
634.1,7.636670178
634.2,7.631676257
634.3,7.62668583
634.4,7.621698896
634.5,7.616715451
634.6,7.611735494
634.7,7.606759021
634.8,7.60178603
634.9,7.596816519
635,7.591850486
635.1,7.586887928
635.2,7.581928842
635.3,7.576973227
635.4,7.572021079
635.5,7.567072396
635.6,7.562127177
635.7,7.557185418
635.8,7.552247116
635.9,7.547312271
636,7.542380878
636.1,7.537452937
636.2,7.532528443
636.3,7.527607396
636.4,7.522689792
636.5,7.51777563
636.6,7.512864906
636.7,7.507957618
636.8,7.503053764
636.9,7.498153342
637,7.493256349
637.1,7.488362782
637.2,7.48347264
637.3,7.47858592
637.4,7.473702619
637.5,7.468822735
637.6,7.463946266
637.7,7.45907321
637.8,7.454203563
637.9,7.449337324
638,7.44447449
638.1,7.439615059
638.2,7.434759028
638.3,7.429906395
638.4,7.425057158
638.5,7.420211315
638.6,7.415368862
638.7,7.410529797
638.8,7.405694119
638.9,7.400861825
639,7.396032912
639.1,7.391207378
639.2,7.386385221
639.3,7.381566438
639.4,7.376751027
639.5,7.371938986
639.6,7.367130312
639.7,7.362325002
639.8,7.357523056
639.9,7.352724469
640,7.347929241
640.1,7.343137368
640.2,7.338348848
640.3,7.333563678
640.4,7.328781858
640.5,7.324003383
640.6,7.319228252
640.7,7.314456463
640.8,7.309688012
640.9,7.304922899
641,7.300161119
641.1,7.295402672
641.2,7.290647555
641.3,7.285895765
641.4,7.2811473
641.5,7.276402158
641.6,7.271660336
641.7,7.266921833
641.8,7.262186645
641.9,7.257454771
642,7.252726208
642.1,7.248000953
642.2,7.243279005
642.3,7.238560362
642.4,7.23384502
642.5,7.229132978
642.6,7.224424233
642.7,7.219718783
642.8,7.215016626
642.9,7.210317759
643,7.205622181
643.1,7.200929887
643.2,7.196240878
643.3,7.19155515
643.4,7.1868727
643.5,7.182193527
643.6,7.177517628
643.7,7.172845002
643.8,7.168175644
643.9,7.163509555
644,7.15884673
644.1,7.154187169
644.2,7.149530868
644.3,7.144877825
644.4,7.140228038
644.5,7.135581505
644.6,7.130938223
644.7,7.12629819
644.8,7.121661405
644.9,7.117027864
645,7.112397565
645.1,7.107770506
645.2,7.103146686
645.3,7.0985261
645.4,7.093908748
645.5,7.089294627
645.6,7.084683735
645.7,7.080076069
645.8,7.075471628
645.9,7.070870408
646,7.066272408
646.1,7.061677626
646.2,7.057086059
646.3,7.052497705
646.4,7.047912561
646.5,7.043330627
646.6,7.038751898
646.7,7.034176373
646.8,7.02960405
646.9,7.025034927
647,7.020469001
647.1,7.015906269
647.2,7.011346731
647.3,7.006790383
647.4,7.002237224
647.5,6.99768725
647.6,6.993140461
647.7,6.988596853
647.8,6.984056424
647.9,6.979519173
648,6.974985097
648.1,6.970454193
648.2,6.96592646
648.3,6.961401896
648.4,6.956880497
648.5,6.952362262
648.6,6.947847189
648.7,6.943335275
648.8,6.938826519
648.9,6.934320917
649,6.929818469
649.1,6.925319171
649.2,6.920823021
649.3,6.916330018
649.4,6.911840159
649.5,6.907353441
649.6,6.902869863
649.7,6.898389422
649.8,6.893912117
649.9,6.889437945
650,6.884966903
650.1,6.88049899
650.2,6.876034204
650.3,6.871572542
650.4,6.867114002
650.5,6.862658581
650.6,6.858206279
650.7,6.853757092
650.8,6.849311018
650.9,6.844868056
651,6.840428202
651.1,6.835991455
651.2,6.831557813
651.3,6.827127274
651.4,6.822699835
651.5,6.818275493
651.6,6.813854248
651.7,6.809436097
651.8,6.805021037
651.9,6.800609066
652,6.796200183
652.1,6.791794386
652.2,6.787391671
652.3,6.782992036
652.4,6.778595481
652.5,6.774202002
652.6,6.769811597
652.7,6.765424265
652.8,6.761040003
652.9,6.756658808
653,6.75228068
653.1,6.747905615
653.2,6.743533611
653.3,6.739164667
653.4,6.73479878
653.5,6.730435948
653.6,6.726076169
653.7,6.721719441
653.8,6.717365761
653.9,6.713015128
654,6.708667539
654.1,6.704322993
654.2,6.699981486
654.3,6.695643018
654.4,6.691307585
654.5,6.686975186
654.6,6.682645819
654.7,6.678319482
654.8,6.673996171
654.9,6.669675886
655,6.665358624
655.1,6.661044383
655.2,6.656733162
655.3,6.652424956
655.4,6.648119766
655.5,6.643817588
655.6,6.639518421
655.7,6.635222261
655.8,6.630929109
655.9,6.62663896
656,6.622351813
656.1,6.618067667
656.2,6.613786518
656.3,6.609508365
656.4,6.605233206
656.5,6.600961038
656.6,6.596691859
656.7,6.592425668
656.8,6.588162463
656.9,6.58390224
657,6.579644999
657.1,6.575390737
657.2,6.571139451
657.3,6.566891141
657.4,6.562645803
657.5,6.558403436
657.6,6.554164037
657.7,6.549927606
657.8,6.545694138
657.9,6.541463633
658,6.537236088
658.1,6.533011502
658.2,6.528789872
658.3,6.524571195
658.4,6.520355471
658.5,6.516142697
658.6,6.511932871
658.7,6.50772599
658.8,6.503522054
658.9,6.499321059
659,6.495123003
659.1,6.490927886
659.2,6.486735704
659.3,6.482546455
659.4,6.478360138
659.5,6.47417675
659.6,6.46999629
659.7,6.465818755
659.8,6.461644143
659.9,6.457472452
660,6.453303681
660.1,6.449137826
660.2,6.444974887
660.3,6.440814861
660.4,6.436657746
660.5,6.432503539
660.6,6.42835224
660.7,6.424203846
660.8,6.420058354
660.9,6.415915763
661,6.411776071
661.1,6.407639276
661.2,6.403505376
661.3,6.399374368
661.4,6.395246251
661.5,6.391121022
661.6,6.386998681
661.7,6.382879224
661.8,6.378762649
661.9,6.374648955
662,6.37053814
662.1,6.366430201
662.2,6.362325137
662.3,6.358222945
662.4,6.354123624
662.5,6.350027172
662.6,6.345933585
662.7,6.341842864
662.8,6.337755005
662.9,6.333670006
663,6.329587866
663.1,6.325508583
663.2,6.321432153
663.3,6.317358577
663.4,6.313287851
663.5,6.309219973
663.6,6.305154942
663.7,6.301092756
663.8,6.297033412
663.9,6.292976908
664,6.288923243
664.1,6.284872415
664.2,6.280824421
664.3,6.27677926
664.4,6.27273693
664.5,6.268697428
664.6,6.264660753
664.7,6.260626902
664.8,6.256595874
664.9,6.252567667
665,6.248542279
665.1,6.244519707
665.2,6.240499951
665.3,6.236483007
665.4,6.232468874
665.5,6.22845755
665.6,6.224449033
665.7,6.22044332
665.8,6.216440411
665.9,6.212440303
666,6.208442994
666.1,6.204448482
666.2,6.200456766
666.3,6.196467842
666.4,6.19248171
666.5,6.188498367
666.6,6.184517812
666.7,6.180540042
666.8,6.176565055
666.9,6.17259285
667,6.168623424
667.1,6.164656776
667.2,6.160692904
667.3,6.156731806
667.4,6.152773479
667.5,6.148817922
667.6,6.144865133
667.7,6.14091511
667.8,6.136967851
667.9,6.133023355
668,6.129081618
668.1,6.12514264
668.2,6.121206418
668.3,6.11727295
668.4,6.113342235
668.5,6.10941427
668.6,6.105489054
668.7,6.101566585
668.8,6.09764686
668.9,6.093729879
669,6.089815638
669.1,6.085904136
669.2,6.081995372
669.3,6.078089342
669.4,6.074186046
669.5,6.070285481
669.6,6.066387646
669.7,6.062492538
669.8,6.058600155
669.9,6.054710497
670,6.05082356
670.1,6.046939343
670.2,6.043057844
670.3,6.039179062
670.4,6.035302993
670.5,6.031429637
670.6,6.027558991
670.7,6.023691054
670.8,6.019825823
670.9,6.015963297
671,6.012103474
671.1,6.008246351
671.2,6.004391928
671.3,6.000540202
671.4,5.996691171
671.5,5.992844834
671.6,5.989001188
671.7,5.985160231
671.8,5.981321963
671.9,5.97748638
672,5.973653481
672.1,5.969823264
672.2,5.965995728
672.3,5.96217087
672.4,5.958348688
672.5,5.954529181
672.6,5.950712347
672.7,5.946898183
672.8,5.943086689
672.9,5.939277861
673,5.935471699
673.1,5.9316682
673.2,5.927867363
673.3,5.924069185
673.4,5.920273665
673.5,5.916480801
673.6,5.912690592
673.7,5.908903034
673.8,5.905118127
673.9,5.901335868
674,5.897556256
674.1,5.893779289
674.2,5.890004964
674.3,5.886233281
674.4,5.882464237
674.5,5.878697831
674.6,5.87493406
674.7,5.871172922
674.8,5.867414417
674.9,5.863658541
675,5.859905294
675.1,5.856154673
675.2,5.852406677
675.3,5.848661303
675.4,5.844918551
675.5,5.841178417
675.6,5.8374409
675.7,5.833705999
675.8,5.829973711
675.9,5.826244035
676,5.822516969
676.1,5.818792511
676.2,5.815070659
676.3,5.811351411
676.4,5.807634766
676.5,5.803920722
676.6,5.800209277
676.7,5.796500428
676.8,5.792794175
676.9,5.789090516
677,5.785389448
677.1,5.78169097
677.2,5.77799508
677.3,5.774301776
677.4,5.770611057
677.5,5.76692292
677.6,5.763237364
677.7,5.759554387
677.8,5.755873988
677.9,5.752196163
678,5.748520912
678.1,5.744848233
678.2,5.741178124
678.3,5.737510583
678.4,5.733845609
678.5,5.730183199
678.6,5.726523352
678.7,5.722866066
678.8,5.719211339
678.9,5.715559169
679,5.711909555
679.1,5.708262495
679.2,5.704617987
679.3,5.700976029
679.4,5.69733662
679.5,5.693699758
679.6,5.69006544
679.7,5.686433665
679.8,5.682804432
679.9,5.679177739
680,5.675553583
680.1,5.671931963
680.2,5.668312877
680.3,5.664696324
680.4,5.661082302
680.5,5.657470809
680.6,5.653861842
680.7,5.650255401
680.8,5.646651484
680.9,5.643050089
681,5.639451213
681.1,5.635854856
681.2,5.632261016
681.3,5.62866969
681.4,5.625080878
681.5,5.621494577
681.6,5.617910785
681.7,5.614329501
681.8,5.610750723
681.9,5.607174449
682,5.603600678
682.1,5.600029408
682.2,5.596460636
682.3,5.592894362
682.4,5.589330584
682.5,5.585769299
682.6,5.582210506
682.7,5.578654204
682.8,5.57510039
682.9,5.571549062
683,5.56800022
683.1,5.564453862
683.2,5.560909984
683.3,5.557368587
683.4,5.553829668
683.5,5.550293225
683.6,5.546759257
683.7,5.543227761
683.8,5.539698737
683.9,5.536172183
684,5.532648096
684.1,5.529126475
684.2,5.525607318
684.3,5.522090624
684.4,5.518576391
684.5,5.515064616
684.6,5.5115553
684.7,5.508048438
684.8,5.504544031
684.9,5.501042076
685,5.497542572
685.1,5.494045516
685.2,5.490550907
685.3,5.487058744
685.4,5.483569025
685.5,5.480081747
685.6,5.47659691
685.7,5.473114511
685.8,5.469634549
685.9,5.466157022
686,5.462681928
686.1,5.459209266
686.2,5.455739035
686.3,5.452271231
686.4,5.448805854
686.5,5.445342902
686.6,5.441882374
686.7,5.438424267
686.8,5.434968579
686.9,5.43151531
687,5.428064457
687.1,5.424616019
687.2,5.421169994
687.3,5.417726381
687.4,5.414285177
687.5,5.410846381
687.6,5.407409991
687.7,5.403976006
687.8,5.400544424
687.9,5.397115244
688,5.393688462
688.1,5.390264079
688.2,5.386842092
688.3,5.3834225
688.4,5.3800053
688.5,5.376590492
688.6,5.373178073
688.7,5.369768042
688.8,5.366360397
688.9,5.362955137
689,5.359552259
689.1,5.356151763
689.2,5.352753646
689.3,5.349357907
689.4,5.345964545
689.5,5.342573556
689.6,5.339184941
689.7,5.335798697
689.8,5.332414822
689.9,5.329033316
690,5.325654175
690.1,5.322277399
690.2,5.318902986
690.3,5.315530935
690.4,5.312161242
690.5,5.308793908
690.6,5.30542893
690.7,5.302066307
690.8,5.298706037
690.9,5.295348118
691,5.291992549
691.1,5.288639328
691.2,5.285288453
691.3,5.281939924
691.4,5.278593737
691.5,5.275249892
691.6,5.271908387
691.7,5.26856922
691.8,5.265232389
691.9,5.261897894
692,5.258565732
692.1,5.255235901
692.2,5.251908401
692.3,5.248583229
692.4,5.245260384
692.5,5.241939864
692.6,5.238621667
692.7,5.235305793
692.8,5.231992239
692.9,5.228681003
693,5.225372085
693.1,5.222065482
693.2,5.218761193
693.3,5.215459216
693.4,5.212159549
693.5,5.208862192
693.6,5.205567142
693.7,5.202274397
693.8,5.198983957
693.9,5.195695819
694,5.192409982
694.1,5.189126445
694.2,5.185845205
694.3,5.182566261
694.4,5.179289611
694.5,5.176015255
694.6,5.172743189
694.7,5.169473414
694.8,5.166205926
694.9,5.162940725
695,5.159677809
695.1,5.156417175
695.2,5.153158824
695.3,5.149902753
695.4,5.14664896
695.5,5.143397443
695.6,5.140148203
695.7,5.136901235
695.8,5.13365654
695.9,5.130414116
696,5.12717396
696.1,5.123936072
696.2,5.120700449
696.3,5.117467091
696.4,5.114235995
696.5,5.11100716
696.6,5.107780584
696.7,5.104556266
696.8,5.101334205
696.9,5.098114398
697,5.094896844
697.1,5.091681542
697.2,5.088468489
697.3,5.085257685
697.4,5.082049128
697.5,5.078842816
697.6,5.075638748
697.7,5.072436921
697.8,5.069237335
697.9,5.066039988
698,5.062844879
698.1,5.059652005
698.2,5.056461366
698.3,5.053272959
698.4,5.050086783
698.5,5.046902837
698.6,5.043721118
698.7,5.040541627
698.8,5.03736436
698.9,5.034189316
699,5.031016494
699.1,5.027845892
699.2,5.024677509
699.3,5.021511343
699.4,5.018347393
699.5,5.015185656
699.6,5.012026132
699.7,5.008868819
699.8,5.005713716
699.9,5.00256082
700,4.99941013
